# ************************************************************
# Sequel Pro SQL dump
# Version 4541
#
# http://www.sequelpro.com/
# https://github.com/sequelpro/sequelpro
#
# Host: 127.0.0.1 (MySQL 5.7.37)
# Database: R0279_3003
# Generation Time: 2022-01-29 22:37:13 +0000
# ************************************************************


/*!40101 SET @OLD_CHARACTER_SET_CLIENT=@@CHARACTER_SET_CLIENT */;
/*!40101 SET @OLD_CHARACTER_SET_RESULTS=@@CHARACTER_SET_RESULTS */;
/*!40101 SET @OLD_COLLATION_CONNECTION=@@COLLATION_CONNECTION */;
/*!40101 SET NAMES utf8 */;
/*!40014 SET @OLD_FOREIGN_KEY_CHECKS=@@FOREIGN_KEY_CHECKS, FOREIGN_KEY_CHECKS=0 */;
/*!40101 SET @OLD_SQL_MODE=@@SQL_MODE, SQL_MODE='NO_AUTO_VALUE_ON_ZERO' */;
/*!40111 SET @OLD_SQL_NOTES=@@SQL_NOTES, SQL_NOTES=0 */;


# Dump of table days_off
# ------------------------------------------------------------

DROP TABLE IF EXISTS `days_off`;

CREATE TABLE `days_off` (
  `emp_no` varchar(36) NOT NULL,
  `from_date` date NOT NULL,
  `to_date` date NOT NULL,
  PRIMARY KEY (`emp_no`),
  CONSTRAINT `fk_days_off_emp_no` FOREIGN KEY (`emp_no`) REFERENCES `employees` (`emp_no`)
) ENGINE=InnoDB DEFAULT CHARSET=latin1;

LOCK TABLES `days_off` WRITE;
/*!40000 ALTER TABLE `days_off` DISABLE KEYS */;

INSERT INTO `days_off` (`emp_no`, `from_date`, `to_date`)
VALUES
	('0054479d-3740-4374-a2a3-370358b149d8','2022-09-24','2022-05-04'),
	('011a4c36-bebe-4fe1-9df7-4f4b79cb82a8','2022-04-19','2022-07-31'),
	('0192d4a9-5138-4f98-aa20-edc133b7dc91','2022-12-26','2022-09-25'),
	('02627276-0549-4f18-b4ff-c6c4c161d6c8','2022-07-15','2022-06-07'),
	('02e22813-a2ce-458c-add7-c47346f216fe','2022-10-16','2022-07-05'),
	('03cd0bed-100a-4e3a-8c6e-1ac225f9d65e','2022-06-06','2022-03-13'),
	('03e0b9c0-1fb4-4cb8-a1ec-0915ac48600a','2022-05-07','2022-06-29'),
	('057b859a-e97b-4614-a2d3-896032ac02e6','2022-12-07','2022-05-23'),
	('0646b35a-4167-46c6-b5c4-941ee94d0d7a','2022-02-12','2022-11-29'),
	('066c63e1-8cbd-4315-a08d-6a133f17030d','2022-06-13','2022-12-17'),
	('086b6bc4-385c-4f40-a736-39177963d4ad','2022-03-25','2022-02-02'),
	('089b9b70-9a38-4219-86ec-d121308d5f90','2023-01-08','2022-04-04'),
	('091fdf03-1384-4506-a486-dba0ab94f0b8','2022-11-29','2022-06-01'),
	('092f3a16-6388-4b1b-b7d4-cdc1adffbd87','2022-06-09','2022-08-03'),
	('0ccc3dbe-eb06-450f-8e03-088dc455f1b7','2022-04-05','2022-09-24'),
	('0cedeec0-59aa-4bc8-bff4-a60fbbc12b3b','2022-11-23','2022-04-28'),
	('0dcb7394-97e7-4f48-a438-5131d04e8f27','2022-06-15','2023-01-06'),
	('0f6ac727-4f7f-40fd-a5fc-2b33ede9e4b8','2022-07-06','2022-10-17'),
	('101ce52f-ff74-47a2-bb2e-88f3890aa085','2023-01-18','2022-02-20'),
	('11c7bb5b-afc5-4ba4-930a-49855333ed3a','2022-03-04','2022-12-02'),
	('126f08ff-96e6-423f-99fb-79c582c1eda1','2022-09-10','2022-08-17'),
	('127d5a65-ba56-47a8-9506-c0966a306c20','2023-01-05','2023-01-10'),
	('12be3673-91fe-4e3f-9d56-ae87bf6bbfe1','2022-06-02','2022-07-06'),
	('12e8438e-93f4-4c32-8777-bc8434061486','2022-03-28','2022-04-14'),
	('131a25d4-6020-4751-8295-dda270354a61','2022-10-29','2022-06-21'),
	('149ffe60-fd0f-431f-bf0a-aaa23fc57823','2022-01-30','2022-09-20'),
	('14ef4acd-228d-477a-b3bc-af85a163894f','2022-11-07','2022-07-03'),
	('16843a12-0780-4253-b515-f2140afcd5bf','2022-01-31','2022-12-29'),
	('16e02e0d-0ec2-4dd3-9d99-0e684e372c7a','2022-05-21','2022-08-23'),
	('177165ce-fdb0-480f-8b51-31dd941fc597','2022-11-06','2023-01-27'),
	('18649932-606f-4222-a8b6-83c96c561b26','2022-07-08','2022-03-19'),
	('18b3900b-8c8c-4760-af8a-ac7bd20078b5','2022-12-20','2022-12-26'),
	('1a05c0f4-7c98-46bb-b8ba-d1e94eb87439','2022-02-21','2022-08-10'),
	('1b256ea4-c96c-4b00-a971-c0d1eab9180a','2022-08-13','2022-09-04'),
	('1c26a56f-85aa-4ade-81ee-9acf831b0013','2023-01-04','2022-11-26'),
	('1d50347c-2a85-436c-8b03-6fd4aee202cf','2023-01-22','2022-02-20'),
	('1d60d343-bc61-472f-ae09-9f7431c22790','2022-12-22','2022-10-26'),
	('1dc31c6d-f7bd-4feb-8906-736d3105d2d3','2022-11-06','2023-01-08'),
	('1ef4e91d-1e70-41d4-a97d-3a0f27716961','2023-01-12','2022-07-09'),
	('1f7663ae-6d9f-4587-b616-8eb149eda269','2022-04-13','2022-06-21'),
	('1feacdd4-d4ff-41f7-93d5-39d3a1eefc9e','2022-07-04','2022-02-27'),
	('209637fa-282e-44be-9511-fa873398c450','2022-12-15','2022-05-19'),
	('217f7e95-8a56-4c69-93d3-867c224f20da','2023-01-21','2022-05-13'),
	('225bcc97-3bf2-4a27-873e-e20aa16d8457','2022-02-04','2022-11-07'),
	('22875b6d-b18b-4ec6-b5f8-04e37e7b5a5e','2022-09-11','2022-10-28'),
	('23861889-ed59-414a-882b-b66d9ce42134','2022-11-30','2022-05-23'),
	('23d2decf-5bfe-4614-83e8-411ee167f438','2022-10-11','2022-10-22'),
	('245d93af-e691-4143-bfea-548b59351bdf','2022-10-16','2022-09-11'),
	('253f020a-e9f0-48c1-9045-2559b0727707','2022-08-19','2022-09-03'),
	('25463e06-67f4-4917-90ff-035b238c6c0d','2023-01-16','2022-12-27'),
	('261ab1ec-b05e-4572-8fe6-1900cbe74061','2022-02-02','2022-12-05'),
	('2654baaa-6eb9-4aaa-a141-5415ed930948','2023-01-22','2022-04-16'),
	('265722ee-89ef-4b2b-9c0f-04330d8a2e5a','2022-05-25','2022-05-08'),
	('266e1454-fd00-49b2-a920-87dfb8075fef','2022-11-23','2022-11-17'),
	('2689d838-6da3-4ae0-b011-bf7dc7985ef5','2022-08-27','2022-05-20'),
	('26a996c5-c598-449e-8df1-5fdd3e2b67bc','2022-12-05','2022-10-24'),
	('2872fa13-6536-4ca7-b891-e5ecaff9695b','2023-01-17','2022-06-27'),
	('29f7e031-a891-4790-97cd-3bd53caf5177','2022-07-23','2022-12-19'),
	('2aad8751-e9f8-484c-9c4b-acc0be9df0d0','2022-09-23','2022-08-18'),
	('2c80d2cc-c7ca-455a-b8bd-094050cbc443','2022-08-05','2022-12-02'),
	('2e39d002-7fb5-4b58-8e22-81b849d16f1e','2022-10-05','2023-01-20'),
	('2ef63e91-b9ea-49c9-a2a9-8e26ab387443','2022-08-26','2022-12-03'),
	('3007577d-27b1-4d1a-a3d9-a9f1ff43aba5','2022-03-11','2022-10-01'),
	('305503e1-123f-4d47-859c-24bbb2eb8c9a','2022-07-27','2022-06-12'),
	('306ef61d-3e06-40e6-a709-2b9f718346ac','2022-03-28','2022-11-25'),
	('31586798-45ce-49e6-8afb-98d416037b7b','2022-08-29','2022-04-15'),
	('31d29349-c59c-479b-a92e-44d65a41f503','2022-04-14','2022-10-02'),
	('32a31233-529f-4ed7-b826-b2ec48102669','2022-10-07','2022-11-30'),
	('32b5f69d-790c-442e-89bc-701973ae6882','2022-04-08','2022-07-17'),
	('32d80d80-6987-42c2-953c-8bd7acfc4a53','2022-01-30','2022-07-11'),
	('32dfcc0f-b530-43ba-b6a6-96cde446c20d','2023-01-15','2023-01-09'),
	('34c7edf8-3259-4020-91a7-603df6e3725c','2022-04-12','2022-08-28'),
	('34cc57b1-4d9e-4d1f-b201-52f1065043ea','2022-04-09','2022-04-07'),
	('35e2bda3-6db4-4b30-a0b7-0a40f1d52f04','2022-07-06','2022-02-19'),
	('3a6748e2-7671-4d71-a59e-e95656278a90','2022-09-11','2022-03-21'),
	('3cb3973f-2db0-4ac7-b1e5-75914e49154d','2023-01-11','2022-05-04'),
	('3d9f96dc-fe72-4d71-97f9-51212fa5fa9c','2022-10-22','2022-12-30'),
	('3f9b8db0-db1f-446d-8b57-566ece1202dd','2022-12-25','2022-10-30'),
	('4097afbf-1bcf-4332-a8ec-7d089340e5cb','2022-02-02','2022-05-05'),
	('40d69304-57de-4066-b78a-586d4d3a56e0','2022-03-05','2022-03-06'),
	('411ffd6c-c609-4a6f-bed9-9a264fac2102','2022-10-27','2023-01-04'),
	('418388a3-656a-41c7-822e-6aa73084dfb1','2022-11-11','2022-02-08'),
	('43db978a-e618-423c-92b1-fa1f44da61eb','2022-10-18','2023-01-25'),
	('43dc6511-1c4d-4e94-b9e2-1bfef587f28f','2022-09-24','2022-09-23'),
	('452110bf-d0de-4067-8ad9-76b98a37065a','2022-05-21','2022-04-05'),
	('46133580-e16a-4d33-911d-f4522e116d86','2022-09-28','2022-04-23'),
	('4662e39e-58a6-4918-aee7-3e9d1f77e224','2022-12-08','2022-07-03'),
	('4664ad8e-d4ef-41ac-9827-64787652bcbd','2022-03-27','2022-08-31'),
	('47171aff-b3f3-4963-83b7-49534e8942df','2022-10-01','2022-03-16'),
	('47aee8d9-88ec-4d8e-8d46-001713992479','2022-11-29','2022-12-24'),
	('48942e12-3ddf-41b8-a2e6-17f66b78f945','2022-02-16','2023-01-25'),
	('490a7ca4-0d78-4de0-a0e2-8b4dd7107d7c','2022-06-15','2022-10-28'),
	('4a1547ad-56c3-4865-b42d-c84a047d2b90','2022-04-23','2023-01-03'),
	('4aea6c18-2b8b-4838-9067-6a87ca7b3bd6','2022-11-20','2022-07-31'),
	('4aefd7cf-a90a-43ed-8caf-297cf92afdc1','2022-03-22','2022-05-06'),
	('4cf97384-358d-4e68-a1db-55e25559400b','2022-07-01','2022-05-19'),
	('4d84dfd2-bdb7-4ece-a89a-646fd19ef569','2022-07-25','2023-01-06'),
	('4dc51f2e-ef33-4dd2-b0c9-fc55ad7541be','2022-03-04','2022-10-14'),
	('4f06f37c-7dd7-42b2-8762-ca306f014220','2022-08-13','2022-08-21'),
	('4f2ffb58-79e3-46bb-b71d-8562650f2e92','2022-03-19','2022-04-30'),
	('5055f0f2-a339-434b-950c-b95aa7201470','2022-04-01','2022-09-17'),
	('522e05d2-5cae-4093-abe7-e490e48f55d7','2022-06-26','2023-01-17'),
	('5249386d-e21f-4507-b81a-1b85c1c67452','2022-08-29','2022-08-20'),
	('52669159-9284-460d-839f-fd8c25b9147c','2022-08-05','2022-03-26'),
	('52713665-b0f0-43a0-a97e-f892046d1e89','2022-12-30','2022-08-28'),
	('534ba244-2825-424d-bb13-9c659f182c8f','2022-12-08','2022-10-27'),
	('53520ca4-2715-4ffa-a603-72315af61605','2022-03-11','2022-03-24'),
	('53c8bf6a-c9ba-4ce5-bc85-6260d17560e8','2022-03-08','2022-09-27'),
	('54851f31-da0f-4e37-9ccf-eee266a2114a','2022-11-28','2022-12-08'),
	('54b013f5-7aa0-4b52-b933-a66cace20a78','2022-12-15','2022-02-04'),
	('54bca75c-f7f2-48e5-8944-5c19b1f9b904','2022-07-01','2022-10-16'),
	('552dbd2d-4da3-4de7-a4f8-b72b6919317a','2022-10-01','2022-09-07'),
	('5552403c-9242-47b6-9faa-c06be3b9e742','2023-01-15','2022-04-01'),
	('55b84be8-1dad-4f86-8309-47f73b549c4a','2023-01-14','2022-07-05'),
	('56db6893-8310-43e7-8a86-3d3f364f0813','2022-08-19','2022-11-02'),
	('5741ab7e-9519-4537-b496-f25e4d692291','2022-07-17','2022-08-17'),
	('5808666c-05eb-44fe-80b4-ea62106c1fb2','2022-02-28','2023-01-11'),
	('586cfedd-24b8-4a51-85e5-f165c542c454','2023-01-18','2022-05-16'),
	('58e00591-6923-4305-9267-816d27bc688b','2022-07-06','2022-08-11'),
	('593f250d-783b-441d-9fa5-8d36bc80a229','2022-03-15','2022-03-20'),
	('5cc35080-abeb-4351-bc23-657596fb4db5','2022-04-07','2022-08-16'),
	('5d2344bf-60a1-416e-8181-53fb04bd0f81','2022-10-12','2022-12-13'),
	('5daf05c0-55a4-4558-9bff-b40ca0660b5a','2022-04-05','2022-03-02'),
	('5dfaddaf-8505-4e91-b963-588c308a4402','2022-09-30','2022-12-30'),
	('5e508e2d-635d-44a5-a918-99d7240d9907','2023-01-03','2022-11-08'),
	('5e57a227-bd2f-4b6f-a47e-ac3e883b24f0','2022-02-14','2023-01-25'),
	('5e901ae6-bcc3-4c4a-8d5d-3ff72bbe2a53','2022-02-08','2022-03-19'),
	('614898be-d65f-4485-975c-f2b42c33f7f8','2022-06-09','2022-11-26'),
	('617b5dec-eec0-412d-814e-19d4bd1a526c','2022-05-18','2022-07-23'),
	('62a131c9-c77d-4ba0-8b64-954c61002f8a','2022-12-04','2022-03-28'),
	('6542dccf-294d-4d99-9b2c-d926fe7d78ac','2022-02-08','2022-12-27'),
	('67463b57-d879-4a43-a198-ce3578bbe5cc','2022-08-30','2022-12-20'),
	('6777ed36-7e2e-4845-a7dd-e700bec7a1db','2022-08-13','2022-07-08'),
	('68471939-f7fa-4823-8fe5-e85e10c3ffaa','2022-11-26','2022-11-07'),
	('6948cfff-66d0-4a88-8194-c548b8d6826b','2022-08-03','2022-03-24'),
	('698a5adc-4f4a-4acb-830f-d28bb67bd0ef','2022-11-01','2022-11-01'),
	('6a4a8b48-dcf7-4ede-bfae-4b1c2dbf2a4d','2022-06-21','2022-03-18'),
	('6a9c897c-f248-45bb-9908-a52038ba87cd','2022-05-09','2023-01-10'),
	('6b67660e-2b35-46bb-b30a-f1265ced294d','2022-01-31','2022-12-30'),
	('6be8aa95-93b1-4aa0-b4ca-f719db800707','2022-04-19','2022-05-14'),
	('6c0e9ac7-2455-4d00-93ca-5c1870d118e3','2022-11-19','2022-11-04'),
	('6c284a94-49fa-4927-9962-cf724105550c','2022-02-07','2023-01-08'),
	('6cf86c76-44a4-445c-a607-9347c34e5007','2022-02-11','2023-01-24'),
	('6ff6166f-725c-4af4-952a-a787d7d28b5b','2022-10-15','2022-06-08'),
	('713c252c-b040-44d7-8189-8b188e9ee097','2022-12-09','2022-04-25'),
	('729dcf89-8da6-45bd-b439-ef506efffffb','2022-04-05','2022-10-11'),
	('72ee769e-e521-4524-96e8-9a4fd7263734','2022-11-19','2022-10-21'),
	('73babd59-92f3-4d7f-a9b1-8cd372e20e11','2022-03-28','2022-05-31'),
	('73d40b4f-0e11-4d82-addd-c293b6e3882e','2022-08-29','2023-01-23'),
	('743a18b4-afec-46f7-b97c-32d6ec2f70e4','2023-01-03','2023-01-28'),
	('74ad4fe9-4592-43a0-a496-870772e2087a','2022-09-19','2022-12-18'),
	('787bb35c-44b5-41e8-8004-a9a20eb1f66b','2022-06-15','2023-01-22'),
	('78e0d8ad-2021-4fbe-9bf7-9f2d129aecba','2022-08-13','2022-07-16'),
	('7b1ffdd5-7cf9-4d00-b718-dc2670eb1fd7','2022-07-09','2022-10-20'),
	('7b2af1b2-0b46-42be-b05f-26c4da7765ae','2023-01-09','2022-11-22'),
	('7b4f323d-13d0-4e98-b23c-14028ce2d3cf','2022-11-18','2022-11-09'),
	('7cf31cc1-30e7-4845-a4db-3d288b7d9169','2022-07-26','2022-02-23'),
	('7e5919a9-74ed-4234-b7c6-a50885123276','2022-02-24','2022-02-04'),
	('7f59c511-6df0-48a6-b321-d9ef1f09cac6','2022-04-04','2022-05-13'),
	('8043ea21-2fb2-4793-ba14-b80caeb34671','2022-03-21','2022-06-22'),
	('80560233-7f19-4e86-a788-014a91720f9c','2022-10-29','2023-01-28'),
	('80cf3e52-eaf4-45e3-856c-6f77b9f00854','2022-10-17','2022-09-14'),
	('8197b48b-d850-482c-bfe9-138c23de0bdc','2022-08-03','2022-05-13'),
	('82f06e27-7bb9-47d1-82dc-fe935c837ca3','2022-06-15','2022-02-08'),
	('82f97996-f0cc-44c7-bdcc-74675621778a','2022-12-27','2022-11-01'),
	('88473cca-28ea-4eba-99eb-e09925e4752c','2022-10-20','2022-07-12'),
	('886e0d6c-d7bd-402d-b68d-e9ad4e5cdea7','2022-04-14','2022-02-21'),
	('8969cf3f-640f-49b1-8f8a-9780b558d342','2022-05-25','2022-07-24'),
	('89a52918-de6a-4547-80b9-8c3de7e0ad8a','2022-03-31','2022-12-27'),
	('89b36edb-0ede-431a-a8a9-c3561aea48a6','2022-02-01','2022-08-12'),
	('8a1906a8-54a4-4adf-99e4-f4d8cd283127','2022-12-24','2022-07-10'),
	('8a5e521a-312e-4296-8972-b4414eefce0d','2022-09-09','2022-10-08'),
	('8b0fd29a-cd2e-488c-8365-d943db66607f','2022-03-12','2022-10-12'),
	('8c5f723c-516c-473b-9d28-9bb0e656abf6','2022-06-09','2022-10-28'),
	('8ca65a32-0332-42dd-8c48-d63e447c169d','2022-04-05','2022-03-17'),
	('8dd31d7b-f064-432a-bfbf-bb8374554290','2022-02-25','2022-04-19'),
	('8f0a0ab2-032f-4325-aace-1fc14a910d9e','2022-04-20','2022-04-12'),
	('8fcd8b20-6e89-4f4c-bb2e-b01059c8b2bc','2022-07-03','2022-06-21'),
	('8fd77c7a-9482-4abc-b111-670c67759c48','2022-07-20','2023-01-28'),
	('91601216-54e9-438a-8f01-e60b7bcab903','2022-11-23','2022-08-17'),
	('93eaef01-7f45-44b0-95fc-6bcfda8660de','2022-07-15','2022-03-03'),
	('94243202-9d14-4a3b-b524-161eb3444523','2022-07-23','2022-12-15'),
	('94ac5d3a-0de6-421e-a0af-00b197e4e2dc','2022-07-19','2022-12-01'),
	('952900a4-597c-4d01-8ea0-0f962aec2037','2022-12-29','2022-12-01'),
	('957ef43b-dbd7-4473-a7b1-c369693ae089','2022-09-16','2022-03-11'),
	('960b320a-57b8-4c11-aec9-a42f821dab9d','2022-08-09','2022-08-13'),
	('9753e6b3-cbe5-45fd-a50f-d628a6afb2da','2022-04-06','2022-09-27'),
	('976cc321-1a70-46bd-b4b5-4d7194ab59c2','2022-08-06','2022-10-10'),
	('97e6dd59-9f8e-43c5-8b59-7d2d874369c0','2022-05-24','2022-06-22'),
	('98aaee7e-7d85-40d0-96dd-2bfebbf82f27','2022-12-06','2022-12-18'),
	('993b6c88-fd20-4cfb-86bb-262053642c79','2022-02-11','2022-10-31'),
	('9a9d48bd-4e6f-4ee3-8ef3-389aaba66121','2022-10-23','2022-12-10'),
	('9ae50e3d-c0a4-4d65-858b-a25558ae374d','2022-08-29','2022-11-18'),
	('9becce94-7e86-4a50-ac8e-0593c8d39352','2022-09-20','2022-07-19'),
	('9e12f36c-54fc-4eb9-8b62-d8537cd80842','2023-01-14','2022-08-01'),
	('9f58fbd5-6e05-471a-bfc8-b95e9412578f','2022-09-24','2022-03-03'),
	('a214c44e-22a6-490d-9ec5-6948bd2b8f54','2022-08-10','2022-05-05'),
	('a220353b-b7c5-4f48-9187-4634a4e1221b','2022-06-01','2022-02-21'),
	('a2b815f3-1368-464c-9de7-5c14bc22bf5e','2022-04-03','2022-11-22'),
	('a377d020-bf7f-4ca3-84b5-148947e3df53','2022-07-24','2022-05-30'),
	('a3b43a09-f958-42f0-97bb-942515eca723','2022-03-06','2022-07-03'),
	('a405c0f8-05c1-48a0-bf5c-13aecb183a06','2022-04-27','2022-06-24'),
	('a55f500f-db56-4154-a374-bb30d99d796b','2022-06-04','2022-02-07'),
	('a5b41d30-d3e5-465d-8227-fd6913c6ab86','2022-07-08','2022-05-13'),
	('a83a5ae0-a970-4a98-9c31-e313ecb0a010','2022-04-16','2022-06-12'),
	('a98cb09a-3144-4bb4-a47e-0fc503a09b36','2022-09-26','2022-02-28'),
	('ac41d985-75d4-4ce5-9532-c0686aa3e4d9','2022-09-06','2022-05-01'),
	('ae47c44c-cff2-47fa-94e7-5d928c918a5a','2022-06-06','2022-06-22'),
	('af05c718-2494-4f21-ac98-7159ed81eb63','2022-09-09','2022-12-20'),
	('b013c0cb-00dd-4ab6-9e7b-2fc13e328ce5','2022-08-06','2023-01-22'),
	('b154c1f6-6951-4727-9495-0da235ff691f','2022-02-12','2022-04-27'),
	('b3b3caf2-5633-43ac-8638-cb2f10052feb','2022-12-10','2023-01-11'),
	('b480c9b6-8d64-4aec-809e-3ede8c64c165','2022-08-04','2022-07-29'),
	('b58a70c2-8339-4762-90ea-4a112bbf704f','2022-10-22','2022-12-30'),
	('b76b58ab-142e-4796-8d78-84fa83f4dce3','2022-08-31','2022-08-12'),
	('b7a59d53-7e60-48ef-a678-041ed6a7d7f2','2022-11-14','2022-03-27'),
	('ba88ed67-a0b5-453e-927e-ae13a7f42705','2022-03-15','2022-06-17'),
	('bea77a0a-3395-4e2b-8ac9-dede077a4236','2023-01-06','2022-04-18'),
	('bfc4349a-6522-46eb-9215-4aef38e6dea5','2022-03-14','2022-11-17'),
	('bfca6e53-a6f1-4c77-8924-b17e0d6bf916','2022-12-09','2022-12-30'),
	('c030a22e-a551-47b6-b432-b4621b532d53','2022-04-06','2022-09-30'),
	('c15c2394-6281-4d6d-bf98-3f8032f72c14','2022-06-25','2022-04-20'),
	('c2930570-6b86-4985-ab96-3545787b6c63','2022-07-16','2022-03-19'),
	('c2a7ce9b-ccb0-4c8c-8f4b-e2c6d1624a3e','2022-06-05','2022-02-08'),
	('c2f86d07-140e-47a3-8912-27f59d5d238c','2022-08-06','2022-06-19'),
	('c30bcf52-1f3c-423f-b825-e5828c887306','2022-08-10','2022-02-23'),
	('c3936db3-64c7-4820-a5e7-ab3094d0e6f9','2022-12-23','2022-02-05'),
	('c3f374f9-5000-4ec6-8a82-2ec244066467','2022-03-07','2022-10-29'),
	('c3f5b596-eb23-4749-98f1-d4989e21b865','2022-07-18','2022-02-03'),
	('c4d1a413-a077-4ff3-9a1a-9468fd9aa181','2022-09-04','2023-01-14'),
	('c6903be8-9b11-417a-8a99-9a5c4bd56c76','2022-02-12','2022-09-24'),
	('c6a79a99-d1d9-4cd6-9785-5a5ac66b5c01','2022-03-07','2022-11-10'),
	('c7685653-4bc5-4646-83b3-b50bf5f4e191','2022-07-30','2022-02-20'),
	('c8616a33-4a6b-46e6-ae78-3d7cf741c6df','2022-12-21','2022-07-30'),
	('c88966cb-58b6-4071-9568-dee32a04a3fd','2022-12-22','2022-07-31'),
	('c8e106c0-c8e5-4060-b084-0173ed9928f8','2022-04-15','2022-05-24'),
	('c9b102b5-aaef-4e0b-9fdd-5f53ff215ffb','2023-01-18','2022-10-05'),
	('cb899063-d321-4691-aa7e-f24fa840dfd5','2022-02-24','2022-03-25'),
	('cc250bce-b8d7-404f-91b8-d264a4b39509','2022-10-26','2022-08-13'),
	('cce3de08-3838-4228-84f7-e1e3d19eb347','2022-02-19','2022-03-11'),
	('cd15845e-bfa1-4d47-9d6a-75acd9c88bf3','2022-07-03','2022-04-06'),
	('ce3a433e-2369-4a54-b085-408de39e4d93','2022-07-14','2022-04-17'),
	('cf8a2cb0-7100-48dc-82b5-415237876933','2022-09-07','2022-07-17'),
	('d0071b7d-ce34-44c5-8594-83f0f88640a6','2022-09-21','2022-09-18'),
	('d367de8f-835a-4a3d-9355-bfe9dfd82964','2023-01-18','2022-07-05'),
	('d429072f-61b8-4a45-9a00-569ed73d009d','2022-10-28','2022-10-27'),
	('d46e7698-d106-46ca-afe0-3e69830766b6','2022-01-30','2022-04-03'),
	('d75dbcd1-1aa5-4a79-a0f1-97a36dd5ec6f','2022-02-02','2022-09-14'),
	('d777e21a-b260-48d8-af76-0abcf487f81d','2022-02-09','2023-01-28'),
	('d84c5740-ab3c-446e-a968-d374411f2de5','2022-09-24','2022-04-23'),
	('d87bf842-deaa-4a85-822a-e0c52e076c76','2022-04-05','2022-05-04'),
	('d8c7792e-20e8-4b9d-9995-0067d2403ecd','2022-07-13','2022-08-17'),
	('d9a1f3b4-7da8-484c-b83a-cb955be79121','2022-08-03','2022-06-14'),
	('db335460-b3c1-42a0-987d-464328ded723','2022-05-19','2022-04-20'),
	('dba7d238-85cd-41d1-b4f9-023bac3019bb','2022-03-13','2022-10-02'),
	('de657c9c-5616-4fe4-8d73-afc5e0a7ff81','2022-10-16','2022-10-31'),
	('df33c59b-838b-4d36-9127-415fe1f88bec','2022-10-25','2022-09-03'),
	('df9b364c-e3ef-4230-8530-111c0cadee91','2022-12-01','2022-07-01'),
	('e022d422-d6a0-4074-b88a-0b592729223b','2022-09-29','2022-06-23'),
	('e08ef1ab-5ed0-4cbe-9381-e20475d9e6d2','2022-07-12','2022-05-11'),
	('e0a6545d-8701-4ee0-8b61-17efe88f4bd0','2023-01-04','2022-03-11'),
	('e3896caa-83a7-4d25-97cd-e6f73ce5c6af','2022-08-30','2022-05-25'),
	('e41129af-2a9e-43bd-b6b1-769642898d74','2022-08-28','2022-07-28'),
	('e5954c20-8ffd-4fba-a276-5e474827e17d','2022-08-15','2022-10-07'),
	('e5de936f-26bb-4bb9-a3a9-22eade579219','2022-08-15','2022-04-03'),
	('e5e19ad9-80d1-4417-89d1-73a3c2e4f7d5','2022-10-13','2022-11-06'),
	('e714f2bb-cb22-4249-a063-42a6c8ea4c8a','2022-08-14','2022-06-15'),
	('e783a7ea-e412-45ae-9860-aa08a0e58289','2022-05-30','2022-02-03'),
	('e7979bfe-184f-4217-9eef-2b25141f44fe','2022-04-04','2022-10-28'),
	('e7c168e8-1c46-4b24-8516-eca6767bcfa0','2022-05-17','2022-10-18'),
	('e8107900-980d-42ca-8cf6-59eb1276b2ad','2022-12-04','2022-08-11'),
	('e81c9dff-4f27-4027-bb6c-e5c7c61e2038','2022-08-10','2023-01-19'),
	('e84756f7-16ca-48b3-9750-a804f0da11e6','2022-12-03','2022-05-22'),
	('e8aad296-120b-42e2-a107-9f3e3b37dce0','2023-01-03','2022-11-10'),
	('ea4ece32-5e20-4f62-8f05-8960e1dfcc6a','2022-10-22','2022-08-31'),
	('eb9ea0d4-df49-4226-906c-9d82b9681d7a','2022-03-06','2022-03-04'),
	('ebc70e93-d492-4b6a-9b64-16fa4c08f08f','2022-06-05','2022-07-21'),
	('ebf8f881-7a12-4f61-bda5-a071e26a9971','2022-06-07','2022-12-21'),
	('ed54d151-3a69-41a9-be13-0feecd677d3a','2022-11-30','2022-04-18'),
	('ef0ec9e8-d47b-4d02-9bbb-2064135f1bdf','2022-10-17','2023-01-28'),
	('f04d5f57-316d-4443-a0cc-2adf980f2653','2022-04-13','2022-03-01'),
	('f0e5a7e1-7cfe-46eb-9394-bb95fe6afe18','2022-03-01','2022-05-14'),
	('f2ce8030-8bdc-4f79-9b50-f09bcf5ad86b','2022-04-19','2023-01-28'),
	('f2deee30-ceee-4a44-a5f6-c1b47fbbaa43','2022-09-11','2022-04-09'),
	('f3e6f32e-06e8-48c3-895a-38d8d6f59e49','2023-01-26','2022-10-08'),
	('f4d6f8c8-ee5f-4549-a454-8d2818419679','2022-06-18','2022-07-06'),
	('f4dbe8b9-1888-472a-8550-0a60a1b20128','2022-09-09','2022-08-29'),
	('f5fe2e2b-b789-48be-b4e3-bb3f5ac353e1','2022-07-20','2022-05-05'),
	('f6137f9d-20d6-4f20-9a1c-9b88318ec255','2022-03-19','2022-07-24'),
	('f72602f7-05b2-4773-9f9e-dae6cecb7aeb','2022-03-11','2022-06-20'),
	('f85270d8-7643-4d47-9ad2-81cb7ee50e7a','2022-11-13','2022-08-20'),
	('f9793662-2c9c-46d9-95a9-b1a44021958f','2022-02-04','2023-01-28'),
	('f9bfcedc-66a8-4c9b-8c30-92b77d152b7c','2022-10-05','2022-10-11'),
	('fa0615f7-36bc-4296-937b-cf0084410357','2022-05-15','2023-01-11'),
	('fa315e89-c1e3-47a7-874c-0bcc40ff0fb8','2022-06-18','2023-01-08'),
	('fb388ee5-5ba1-4306-920c-f1c743e71192','2022-04-28','2022-04-30'),
	('fbbffa14-5479-4192-a6c4-1147f1f0f12d','2022-08-20','2022-12-01'),
	('fbd87184-767e-41cd-bbe7-989616212ccf','2022-08-03','2022-04-29'),
	('ff319ba7-e13e-4fe1-b385-1794f501f1bb','2022-03-16','2022-10-01'),
	('ffbdb48d-ab6d-4031-bd28-c1a0dbd1a9fc','2022-04-22','2023-01-21'),
	('ffdd1b6d-d465-49bd-9d94-ab6eed4e0f29','2022-09-18','2022-06-18');

/*!40000 ALTER TABLE `days_off` ENABLE KEYS */;
UNLOCK TABLES;


# Dump of table departments
# ------------------------------------------------------------

DROP TABLE IF EXISTS `departments`;

CREATE TABLE `departments` (
  `dept_no` varchar(36) NOT NULL,
  `dept_name` varchar(30) NOT NULL,
  PRIMARY KEY (`dept_no`)
) ENGINE=InnoDB DEFAULT CHARSET=latin1;

LOCK TABLES `departments` WRITE;
/*!40000 ALTER TABLE `departments` DISABLE KEYS */;

INSERT INTO `departments` (`dept_no`, `dept_name`)
VALUES
	('00086525-cfc2-4ebf-b122-867c07c45d66','Music'),
	('00465f5f-8414-4d20-9ffd-49d0e7d0dd63','Home'),
	('0094a50c-26a0-4e1d-b3b9-e6bed64028fe','Outdoors'),
	('01a43056-6664-4a0f-9aa9-d1606000b85d','Health'),
	('01e00cae-d9d2-4349-8588-3ec476e509f3','Tools'),
	('01ed6ea9-acd0-4ee8-b36f-8b59f39a611b','Garden'),
	('027d45c5-dbc9-4a83-92d8-1ca2550c33c5','Clothing'),
	('02f91726-5f19-46a2-922e-490f0b40ca88','Movies'),
	('034434b5-8a21-4c27-b613-07ebf9feee5f','Music'),
	('040179b3-47c2-4168-bcff-8e7a45a9c048','Games'),
	('05589c6a-d21b-4852-961a-93ab5ae8f17f','Games'),
	('05dfebab-4549-447e-a6ab-c850a087df59','Jewelery'),
	('06088ac3-7c40-4be8-b325-0dabe6e19937','Home'),
	('06500396-e71d-4fb6-ab76-c99508402505','Tools'),
	('06a07de4-77a2-4dec-97dc-452447bd5e90','Outdoors'),
	('0740fb02-564f-4b68-ab38-7d8c7cee3cad','Garden'),
	('078ff3e7-c182-4f72-9224-c5e115d97783','Industrial'),
	('07da6e87-7e82-435b-96a8-c5eefd9d4d79','Tools'),
	('083a2755-fd4e-4053-8f8e-82b6db28b97c','Baby'),
	('094a4260-0100-40b4-9a05-d91a18030b61','Kids'),
	('09bd8268-0af0-45ad-8014-c674b22d9a44','Sports'),
	('0a7eb031-bafb-4174-b5ef-62df4fb7eb9f','Books'),
	('0ab02b1b-5755-4cb9-a225-7f7a51453645','Shoes'),
	('0bfc55de-f1ad-4bea-991c-6c19d1b70563','Electronics'),
	('0c4fe586-7fa7-468d-a8a9-2f59800af9ae','Beauty'),
	('0caaa816-62c4-4274-b108-0c1db31c71b3','Automotive'),
	('0e056131-6d9f-494c-a092-e89a0fab1e48','Games'),
	('0eb70a3b-6ea6-41dc-9f4c-1f4e09c6d057','Electronics'),
	('0f598acc-aa95-482b-b8da-97c2f23a1e17','Kids'),
	('0fcc32df-40c0-471f-86b8-fe161dfc7008','Industrial'),
	('0fd6d6b1-ec52-42cc-8b29-3fcd5c01a80e','Electronics'),
	('10e46ae0-9b3b-439c-a049-eec63cd67fb1','Electronics'),
	('11dddca9-47a2-4bf6-b19e-24f21f55a6eb','Outdoors'),
	('13c6fe15-3044-4a01-98a8-b8ca7db1191d','Home'),
	('14e47a81-cd81-468b-9173-0a5db1fe713f','Jewelery'),
	('15338825-a8bc-4854-ac3f-cff852c2a158','Jewelery'),
	('15e7b3d5-106c-4ad7-95e2-634bcae064d3','Music'),
	('160951f8-d4de-475c-9ed2-b24d7eaee82a','Beauty'),
	('161e4bb2-9c34-4a56-97f3-ecaef3282641','Computers'),
	('1662b561-42b8-4b9d-ab61-9a579a6060e3','Movies'),
	('169333a9-6b87-4aa1-8e54-0d907cf000a5','Home'),
	('170e3f73-27a1-4c35-867a-b872e15334ea','Electronics'),
	('170e5398-4caa-4318-b038-b35b877bb9e7','Grocery'),
	('18fc8c39-2f3f-4804-88c2-a3da7e8d91dd','Outdoors'),
	('190a3472-127f-4a04-8096-542c89cbe2ea','Tools'),
	('191c3ecd-a131-4114-bf9a-41fa16f814cc','Music'),
	('1973c79a-9bf9-4645-acdd-110e018c4e6e','Kids'),
	('19b2bb68-7b2a-47b9-9169-a48e2e6691e6','Tools'),
	('19d4bfad-aa9f-4f6d-8fbe-e1566bd20bd6','Books'),
	('1a49189c-748b-4277-bd65-0f4bb5b6a0ec','Toys'),
	('1ad7b927-9785-4202-9932-cdcb671932fe','Baby'),
	('1b51e8c0-d897-448c-9c01-9decf50b9353','Music'),
	('1b5c21af-facf-4968-9d3d-efbfe73e0e6d','Garden'),
	('1c6b483f-e173-41d2-8cc0-166cf7f56ced','Toys'),
	('1c766818-997c-4a01-a141-71868275cc67','Tools'),
	('1e7767d6-f884-4a06-9e14-1ef806763647','Home'),
	('1f0b506e-79dd-4cfd-87a9-249dff759e16','Health'),
	('20e4c040-a77c-4cdd-8e3e-53cc092e40ce','Health'),
	('21804988-f6b2-4708-af62-e8f9eeaef800','Outdoors'),
	('22104f9d-6a8c-410a-abdd-a27a84fe7e89','Baby'),
	('23b37379-0ea5-41ab-abd5-e148f1b1e825','Outdoors'),
	('247b32ea-983e-4356-ba43-d845d17a74d3','Music'),
	('24d1bb25-7e2b-44ad-a069-8d3bf7afce1d','Health'),
	('24d3915f-7b92-44e0-9215-b23fbf707838','Books'),
	('252a469f-62f7-4882-8623-7f6d5cc95544','Beauty'),
	('2607d060-ba01-4d71-840a-c4f31b015456','Baby'),
	('2659210d-0161-4ee2-8e78-e09128f21909','Movies'),
	('26b1a4d7-b5d0-462c-8418-08267f41be59','Computers'),
	('273c4f3c-1a14-420f-bdf9-c7ce5996a154','Beauty'),
	('27bc15e7-5de2-41d4-a178-8b975aafd789','Sports'),
	('27cb409f-a25c-44d9-a178-8db790bd457c','Music'),
	('29bdd5ac-3af3-44b1-bb32-79d1cd8267aa','Movies'),
	('2b09dfe9-cec3-41b9-bf1e-f1e6af811890','Electronics'),
	('2c1188e5-345c-4622-a199-c547099ce886','Computers'),
	('2c2a98c5-cf47-4061-8502-4bd2d4c66360','Jewelery'),
	('2c4b3729-df6f-473d-86f6-90a2462ba206','Beauty'),
	('2cb539ac-c6a3-4f41-a282-22e7d357a37e','Home'),
	('2cef2372-d617-4e59-90b7-6e4375ba93a5','Electronics'),
	('2cf6fc81-bf5a-40e4-841b-d8265322196d','Movies'),
	('2e7da7a0-5c1c-452c-b1b2-dd3168f663b4','Outdoors'),
	('2f884f81-b0f2-4e67-9fd3-e0da1c98e9ba','Jewelery'),
	('2fb61c89-e3d1-490d-8c31-4369812ba114','Garden'),
	('30ebd702-a27e-4dd9-9615-f92654e994bf','Shoes'),
	('3160d2a5-ed21-4104-ac71-3bb33002b683','Clothing'),
	('3191331c-e6c8-4713-aa7d-f714be6abfea','Games'),
	('31c5cc0f-2423-46f2-ab61-3d9013ed3c8c','Computers'),
	('3283a233-af8c-4afd-b2b7-359b35e8f450','Computers'),
	('329a7ff9-fd3b-42f2-b151-69d95e290f47','Movies'),
	('334fb9da-d61d-4d99-b9e7-0517c527a545','Industrial'),
	('33e5c16b-14e0-4d40-9a93-cbc4333d6b82','Shoes'),
	('34a186c8-cd33-4913-9a3a-5d9aa38f3ce7','Grocery'),
	('34ca7f74-f084-4218-b1a9-102ac215f533','Kids'),
	('3656b87b-f49f-40e3-ba48-16f02fec9c26','Shoes'),
	('367cf0a3-29e4-40e6-a6b4-72baa113519b','Grocery'),
	('3858ca60-0df8-49ef-8c8c-2cdb95f8230c','Electronics'),
	('385ac130-9138-42f5-af52-d5149572717a','Games'),
	('386ba086-3ec6-4461-8ab0-7120f5032ae8','Beauty'),
	('38b6ab56-cbcb-4444-95eb-cd4d5133c361','Books'),
	('393a4d2e-913d-421c-84c8-e6964fefe5b0','Automotive'),
	('397fa263-202f-46d3-b5d4-07ff83a27ba0','Electronics'),
	('3aa768de-fc9e-493b-a6a3-9595726440cb','Garden'),
	('3ae6aef3-2f4f-4e02-86b7-de941d48c87a','Toys'),
	('3af7b5cb-94b7-45a0-a853-0557be3caafd','Computers'),
	('3c6b9149-6d9a-4eaf-9ddc-3377f724fa77','Jewelery'),
	('3cbc91d0-8c44-42ed-8670-f0143df3d55d','Home'),
	('3cbd8523-c275-4cea-ae2d-49c6b8b24c4e','Books'),
	('3d27f9fb-b339-4d31-90f9-93e0018829cb','Games'),
	('3dc2607a-c351-4cf3-a1bc-509180bead90','Electronics'),
	('3ed0d888-2d1a-4f28-9cb6-ac177d1fc369','Computers'),
	('3efe3fb4-dc2c-4ef3-a156-bd9d5caa4a47','Music'),
	('3f007791-b267-478e-9f82-ab0f841f8cbb','Clothing'),
	('3f1694ac-bc02-48f9-9c42-732a648ed1dc','Health'),
	('3f86f8fa-4cae-4fe7-8b8f-876156c28d14','Beauty'),
	('3fc28c6d-3f25-43ca-bd60-1b40b1d6053d','Home'),
	('4032940f-4afe-4dc7-a9b7-bc0054ff396e','Movies'),
	('427734fc-4359-4607-8235-e2c6be1a6530','Grocery'),
	('42fa3310-d2ba-4e60-9b6e-61f3c3e44641','Music'),
	('43dc2f00-3805-4722-8b23-a3fdb5625eb8','Toys'),
	('44453c15-0418-4679-9e8b-2229c535ebc3','Computers'),
	('448b264a-0294-4c06-95e0-7d1550c16f32','Grocery'),
	('4508cab3-8ce6-4ca4-b2bd-ffae8c5cd262','Home'),
	('4563cebe-df16-4608-9fe0-a3b2d220adbf','Grocery'),
	('45fd5458-b176-4da2-aefe-5ebdb208a8d2','Books'),
	('4605e2e0-69a8-489d-801c-c6ed3e646095','Grocery'),
	('460811d1-acf5-44f3-acff-61f584e14587','Jewelery'),
	('464e70f8-0594-4c19-b42a-51666206a8a6','Automotive'),
	('46d23266-0637-493c-8413-c8648d99af07','Health'),
	('48f9d026-40a0-438f-81ed-0afbbfc1186b','Books'),
	('491c8d1c-1551-4005-965b-db2660c92048','Jewelery'),
	('4981e119-21a3-4d95-b2f5-b4b6d8fc1268','Toys'),
	('49cb50e8-c50c-43ba-b437-320c018f5f6f','Shoes'),
	('49cdab60-c619-4358-9456-2ab9a4acabbb','Outdoors'),
	('4a1639fa-7af0-4a08-bbad-0f6f1fb07169','Kids'),
	('4bc40e40-98c0-4de7-96a1-8157490fbc43','Grocery'),
	('4c6aae8a-acd7-4580-88d7-24843946cae2','Games'),
	('4e52cd93-c7fe-4ee1-83f1-cefefaa73065','Home'),
	('4e67ae0b-726b-4b69-aca9-d452cd869835','Tools'),
	('4e7362e3-b513-418a-af79-dc40b8ab5ffd','Jewelery'),
	('4eb085b0-ed9c-441a-beb1-7de90b9bac9d','Baby'),
	('4ee0d8c7-f73b-438f-bb36-c48b383664b0','Shoes'),
	('4ef21ac1-68bc-445f-b6dd-22703153d658','Tools'),
	('4f0f600e-ac1c-4c01-873b-b8fec50e077a','Music'),
	('4f83b3cb-a41e-4112-9cc6-c9b1304d74f0','Sports'),
	('514cee6d-2afc-4ed5-975f-936e9a0e04bb','Baby'),
	('51b57283-7007-46d1-9a2d-98f30bf5fdbf','Garden'),
	('523ee92f-7cbb-4d53-b4ec-b3f67578ecd4','Electronics'),
	('546d483a-69fe-4b14-b1f7-7351750e65a1','Toys'),
	('551d1ca8-3ae2-4d66-9df0-d793b16ad935','Kids'),
	('55dcce4e-19f4-4d15-8824-a3e3345af078','Computers'),
	('573530c7-7573-48b5-8cf1-947037a96b45','Health'),
	('5752b6bb-dafa-4b74-9d9c-f182343862bf','Clothing'),
	('582ecc59-4bdd-4c13-952e-63f897e4df35','Tools'),
	('58f1f9ee-31bf-49c2-8577-799a485a5ef7','Industrial'),
	('5b5ac0b7-af48-45b7-bb5e-4f8b1af0e7d6','Baby'),
	('5b79e35e-2abb-4b5f-8111-2d5d08df52a0','Industrial'),
	('5b7ef882-6684-4d79-8385-3c7e7f5af466','Baby'),
	('5b8e38fc-091c-4984-a2bf-7b59ef0c7941','Beauty'),
	('5bf1f603-4737-42a9-94b1-d608763d56a3','Outdoors'),
	('5d0c2c2d-e66c-46f3-8eaf-c7645b943c15','Baby'),
	('5d5ce8a7-6f01-4fea-bb1f-fcda7ec03039','Tools'),
	('5daae343-0b0d-41eb-9657-27688fb2ac6c','Automotive'),
	('5f722dae-2ee2-49cf-8214-2f1db7e071c1','Computers'),
	('5ffd0aa6-2182-4778-bebc-ea244e29971e','Movies'),
	('6057a2fb-b48f-4046-8f0c-6b6e31c96354','Movies'),
	('60b3a96a-d1f5-4165-b55d-48c59f57b5c7','Jewelery'),
	('60eed726-e624-4ab7-9c16-91f49090b091','Movies'),
	('61a12c35-e448-4623-8a85-cd593f343393','Industrial'),
	('61e65813-8c7c-4ae4-85eb-9e4d41fdfb5b','Outdoors'),
	('621e9031-a8c6-4eb2-b9f8-e831d758ee70','Movies'),
	('6253e192-9188-4831-ae96-20d5d69069be','Toys'),
	('62b0a01c-dfb0-435f-9b8b-6c8f71fa2620','Sports'),
	('633739fd-7595-4846-85ed-f5e512ec35e2','Outdoors'),
	('636b63de-84f1-4c25-92cc-c54d48caa690','Beauty'),
	('637f9acf-0861-4300-b20f-0c0abd9c3f82','Health'),
	('63ce0e5a-d8bc-41a5-a74b-5c92b69b8451','Outdoors'),
	('652818de-b92f-4496-86f8-cab0dfad086b','Games'),
	('6673e2c6-7812-4421-b377-01c0b85d667e','Tools'),
	('66fcfc23-6f65-466a-b2eb-8032d76188ad','Industrial'),
	('6734e391-98a7-4cbc-99dd-a0bf4e916e2e','Clothing'),
	('6751bef8-7c8e-4b5a-a3c6-5fdf89da6e7b','Baby'),
	('6821ba88-77a5-4ef4-b08c-2edf36ccf823','Toys'),
	('686e4070-0dd6-4ac4-86e9-9b0e10033f03','Books'),
	('691d9767-12d8-43e8-ac88-bdf0b84ca2b1','Automotive'),
	('6a1b61c4-1df5-4c9a-bd7c-8b0ffb75ddc8','Tools'),
	('6b03fafa-6b9e-4e8e-a0ce-c7d05a6e1e8c','Industrial'),
	('6bd097a5-c100-47df-9a15-0cc0f0ee6295','Toys'),
	('6c9f98dd-e6ae-4222-ba8c-97d77c077140','Electronics'),
	('6ce0a5b4-b2b1-4601-a0fb-c126a7d5a24b','Outdoors'),
	('6d35dcfa-8f55-4735-9ebe-0c98c1c1c208','Beauty'),
	('6eb22c87-e9ba-4de9-b650-991aecebec4b','Outdoors'),
	('6eca222d-10d8-43fc-8646-9dabd9286c91','Baby'),
	('6f98a396-85fd-4192-8d6c-126cde8d24ae','Kids'),
	('6fc93c9d-12a8-40f4-8bb8-e01db3bdd53d','Toys'),
	('7069e624-e44c-4374-b712-0c7e8527e8fa','Garden'),
	('70ebea82-ab4d-41f5-aa73-451c7a7629f8','Baby'),
	('72bb2ee1-415c-4e59-9325-8bec543455ca','Outdoors'),
	('73811bfd-f40a-40b7-87e7-643332956916','Music'),
	('73e54409-d5c4-49ae-b9b3-50af875a511c','Games'),
	('73edb71b-cc5c-4e17-b050-3c588ca7dd89','Industrial'),
	('746ab7cd-90e9-4b53-95d4-c46f229ff98f','Jewelery'),
	('7576717e-437d-47d9-bb8e-b78831b014e6','Industrial'),
	('75a18b0a-4e53-460f-8887-d0663cf48522','Games'),
	('75d5becc-58f3-4041-b2c7-9c5900601056','Books'),
	('765e1101-2332-45eb-a0d8-86df4eadf554','Health'),
	('76776d24-40da-463c-a2e0-86cd1d44fa6c','Garden'),
	('7697805a-4765-4002-9b76-a6c15e7a3990','Automotive'),
	('76b8d284-72f1-4837-94bb-393fc42cadf3','Home'),
	('7748c5e8-fac3-4e2a-891b-4b3ae90f61e8','Industrial'),
	('779448c8-703d-414d-bfd9-0df20e170b18','Grocery'),
	('77a945c1-bcc6-40fb-8301-7c7705a740f2','Jewelery'),
	('785a7d6e-a732-4fec-8bd0-f16e241d54de','Beauty'),
	('79ea4a2e-b8e2-4989-9da0-7c1e1fe30bb1','Beauty'),
	('7a1f0f7e-24e3-4b33-8bc1-fb33f63f4465','Games'),
	('7b898aab-ed37-4466-a3b1-6d830e4a5d40','Industrial'),
	('7c87e7bc-c1f4-4712-b2e1-2e49cad4dd22','Outdoors'),
	('7cea43f1-7d58-4e6b-91fc-4f3e7da74dc7','Home'),
	('80ca9327-f176-40f4-9c05-1c9c5333a5f2','Sports'),
	('81626f4e-7570-496e-9310-9c8df8c4cf57','Home'),
	('828afa17-a940-41c3-ad16-4a89221e2e86','Music'),
	('82d20b8b-17f9-43ad-81c3-7caea9d1cae3','Grocery'),
	('8375507d-adf2-4abd-b5f9-305e02eebef9','Toys'),
	('84184154-018c-4932-80dc-b8432253226e','Games'),
	('84aa4693-74cc-4d9d-9e73-110f94afae4c','Industrial'),
	('8506e334-1060-4de8-8293-4d6f014fdae7','Health'),
	('85512345-4aec-4fb2-a158-2c87d5631d88','Movies'),
	('8552bb75-2f3b-4acd-a5be-f64f6f3af5af','Tools'),
	('85af3c96-09dd-40e1-8d2c-143788691851','Books'),
	('883dfc3a-464f-4113-b04c-b537f7e4d5a1','Automotive'),
	('8855b624-4165-49bc-9517-e237b59ea60f','Automotive'),
	('89e15b35-133d-45e3-abfe-a965754c9244','Computers'),
	('8a38544d-fa26-45bd-b029-bbebc73faff5','Automotive'),
	('8acd9812-b9c3-40f3-abc2-80a92d8a2fb7','Home'),
	('8af1debc-8644-44c0-b982-718869711ed4','Jewelery'),
	('8af3770e-908c-4ead-ba3c-55a479b34ee2','Tools'),
	('8b1fc6b2-f05b-4b8d-9c3e-f3571dd56c96','Jewelery'),
	('8b5ece53-3d45-4ab5-beaa-84731a0a7d5b','Music'),
	('8b8b70ac-3b02-4043-8acf-13404309622e','Grocery'),
	('8cb49002-9f2f-467c-98fe-74bbbb284fab','Tools'),
	('8ceb7f18-1f25-48a1-964e-2a2c6c179b64','Games'),
	('8d68c2b2-ab6a-4c84-b9e5-acb4b462cfce','Grocery'),
	('8d850d85-d24b-4022-adf5-47a5d38f9441','Kids'),
	('8d99122c-e705-4412-b374-6276de25fb7f','Jewelery'),
	('8e384eff-cfea-4876-9bb5-1839d30fe09d','Health'),
	('8e4ac0cb-267f-49ce-8fa0-c9d34538caea','Sports'),
	('8ec1a593-5a1e-456f-b5d2-bf1923bb3a7e','Outdoors'),
	('9085af70-c593-4f8f-8c71-f14081f610f9','Automotive'),
	('90d9ea3b-b743-48eb-bd6e-fe9ca2069954','Industrial'),
	('928b13fe-aeec-4348-ad03-1aed35ab07a7','Toys'),
	('95a32f50-34af-40ae-add4-2002a4d749db','Sports'),
	('96c04898-443d-44cc-9730-d24d078e1426','Home'),
	('9778fb2e-7421-44f6-87d7-ef667c9a6c86','Beauty'),
	('97a9bd13-d754-4daa-a0f5-fc5a1042f8c5','Games'),
	('97f87f16-4611-4e0c-897a-c6ff2337404b','Home'),
	('99d4afdd-8931-41ca-8ec3-cee7f8d06a64','Movies'),
	('9b77c08d-629d-4408-9ada-d684723e6c96','Health'),
	('9c9317e1-f5cc-4d6e-8913-09a0ce482975','Sports'),
	('9d168b62-d374-4249-a60d-6411374d976d','Jewelery'),
	('9d77166b-ab7a-40a1-87e7-5860219861d9','Electronics'),
	('9d80ade3-b895-4d77-9b14-c4efda24fd4b','Industrial'),
	('9d92ef80-422d-4d35-ad95-223a58f4ef89','Computers'),
	('9d9d51e2-5a85-45ed-85ed-103f9121202c','Shoes'),
	('9daa648d-9d21-4bf3-9acd-94fe8c1755b6','Games'),
	('9db3a052-9f0e-4b53-ae3d-295110a9730f','Shoes'),
	('9e0df4b0-1026-4b04-bfdb-8fb3a82b5d30','Shoes'),
	('9e9f8464-e39b-4aaf-8eb6-592eb7dd2110','Toys'),
	('9f0643f3-574e-42e8-b62e-91594140f6ca','Games'),
	('9f8934f0-a094-4159-af05-c5519c040ee5','Grocery'),
	('9f94fd0f-83c3-43e6-9abd-0d21f79f731b','Music'),
	('a129e194-28be-4ae6-8b98-46ab9b8fecb7','Health'),
	('a1aa9f8e-e5df-4580-b885-7c6168942152','Home'),
	('a25bb907-0b10-4ba9-9c34-3ba7c52b9c7c','Grocery'),
	('a3ad6c51-5afc-46df-b02f-472e0ab6115d','Outdoors'),
	('a43d8257-234b-4536-b82b-ce074c7d6ebd','Home'),
	('a56f57bf-5fbc-422b-82d9-5e931cac1ddf','Tools'),
	('a599e390-e544-4c82-870f-ea4bc59aae5c','Automotive'),
	('a5f5e8e1-00fb-4ab4-abb8-a5b78248c929','Electronics'),
	('a66424b2-6cb2-476a-9c4d-69fc5a92062e','Home'),
	('a67b0827-b4c4-4d7d-bc1a-9a1f0ee1c718','Games'),
	('a68698c8-6afe-48e8-a370-d0e281a24d68','Books'),
	('a6d8bc5c-110d-4427-b9da-a3dbe974eec6','Automotive'),
	('a6d8d73b-34d1-4f1d-8bad-7ddd05c0e85b','Computers'),
	('a86b88b6-926a-4a11-bd02-efcaf0f34bcf','Automotive'),
	('aa14bea7-7550-4aea-8ab3-b71bc2ef8853','Tools'),
	('aa14d245-2e20-4c55-b2a3-9479bbed2aff','Sports'),
	('ab22eff6-6b6b-4f4f-a8a7-ed37f0505832','Industrial'),
	('ab44d2f5-5438-4a16-8195-47d7d54d6c43','Beauty'),
	('ac0c3bce-f17b-4eee-8c9e-3d2604b63231','Tools'),
	('ac85751a-7b63-40da-b959-edbd1be2c166','Jewelery'),
	('acbd9f17-f042-4930-820c-03086adab914','Sports'),
	('ad117c7c-c6d8-4835-a66d-b8f1f1cb9aaf','Sports'),
	('ad494933-fe9b-4438-b497-317d0b93c1d4','Sports'),
	('ad73fa79-7bee-4302-ba00-4963e0b03e45','Toys'),
	('ae4ad618-4901-4126-92d9-9e0473cd7507','Health'),
	('aee5797c-ca5e-4256-92ee-75f48886953a','Games'),
	('af384dec-b584-46fc-91da-cbd5304b0338','Health'),
	('af61dc1e-001e-4f9d-b2ac-8ec09b0b349b','Shoes'),
	('b11cbb07-f838-4381-9d64-fa080869eff4','Grocery'),
	('b162a963-db00-4223-9fb3-cbe5e6d9f732','Books'),
	('b1d6b63d-12be-47b1-81c5-d8c0e0461aab','Clothing'),
	('b1d9565f-23dc-4725-ab2c-e823b8c80f4e','Games'),
	('b1f531a9-2f67-445c-b9cb-54e7ff999169','Clothing'),
	('b2028711-560d-412d-b16e-5ed9d42da4bb','Clothing'),
	('b22af99c-904a-46c3-85af-4e03e46ddd95','Jewelery'),
	('b260c8ad-c742-4f6a-bad6-fa76d2d6e068','Toys'),
	('b2d839aa-aff3-4ae2-97d3-7c3a81a8357d','Games'),
	('b36505ee-40c9-4e5f-af4d-242f81cd4570','Jewelery'),
	('b3ead548-0139-46cc-b572-149499a9c6db','Industrial'),
	('b45d7e53-94a2-405f-a47c-1f7b9a51fe6a','Outdoors'),
	('b4860016-614d-4f28-a862-376a82306045','Movies'),
	('b5da2161-fc2d-45ed-a634-a4d780661e0d','Industrial'),
	('b6729138-9a0d-4f4c-9e54-7780dc30b305','Toys'),
	('b67f67f4-493a-43cb-abca-36eb0d78039d','Kids'),
	('b7c1217b-19f8-4238-a3eb-0e606b81505f','Clothing'),
	('b80f762b-ad2c-4c2c-938b-b61c6a7979e5','Computers'),
	('b8eec327-4722-41a4-ae8e-7fccf35d0932','Electronics'),
	('b91c9d14-678f-41ab-8e38-1309bbd81cf6','Electronics'),
	('b9d159ca-8f36-4dca-9deb-90378c0f9927','Music'),
	('bab3ad63-1697-4fce-8759-8e454a2b9770','Automotive'),
	('bb02152c-67a8-4c8d-90d0-3d331df3ad27','Automotive'),
	('bb251f38-8b52-4aa1-9e06-bbf0d1d5cdd6','Home'),
	('bbacf458-dcd1-41bb-96eb-ce1b01bec966','Shoes'),
	('bbffc399-9786-49b9-b636-976cadb23e8f','Toys'),
	('bcc3c441-ea7d-44c7-a5c9-1ab18bc5f6f8','Computers'),
	('bd05867f-36d6-4f0c-84d8-e06d5d4df131','Jewelery'),
	('bd299de3-9920-4e40-b08c-bd2fb18e915a','Electronics'),
	('bd7a57ee-e575-4264-b3ae-9d5cc9990762','Tools'),
	('bd927129-656a-41a8-b75b-454f74bd108c','Sports'),
	('be8e27ef-5054-44d3-a55b-b3d46a8ce1b7','Beauty'),
	('bf022250-3b00-401e-ab85-aa203f7cbb52','Baby'),
	('bf49971a-c570-44df-a787-bce88268caa8','Automotive'),
	('bf84d149-62f2-474d-906d-e05bd65c6fd8','Garden'),
	('bfe67fa0-0f67-4089-bedb-b41b6459fa24','Movies'),
	('c088d8d0-952f-4df5-af6b-50ab847bf33c','Beauty'),
	('c0b93f19-9454-42ed-a755-a606ecaa63ff','Automotive'),
	('c0c026f2-1e8a-4e94-9a85-b357e512232e','Books'),
	('c0e033c0-5900-4292-99f1-9b33c1f9b38a','Movies'),
	('c15a3e23-b070-414e-921a-9ad715075c7a','Clothing'),
	('c16d7771-7ad5-4569-8f13-782338d6de93','Shoes'),
	('c1feae47-5234-490b-9421-c3b54b9f04ee','Tools'),
	('c2075009-f772-4394-ba87-e3c8e41c25b7','Health'),
	('c3b55f1b-7e4d-4c71-b5a4-8928a24d9243','Games'),
	('c3f77b2d-fa0e-4547-a4e7-5a966f0816e0','Music'),
	('c412958e-5427-481a-8db1-3d7dd35d23f0','Electronics'),
	('c458ea3a-4898-4f3a-9a34-20dc5273a5a3','Outdoors'),
	('c49797d9-26bc-4d53-b363-7b1b11c94a86','Games'),
	('c5639bb2-97f9-46e6-8a7e-d075aa068cd5','Games'),
	('c6367832-685c-491c-a5cf-afc4a8e12bdd','Kids'),
	('c64ffad0-25c1-4fee-9b5d-0009fca02a5c','Automotive'),
	('c6b21636-89c1-484e-baa8-5dea935fc5fa','Kids'),
	('c6e44cd2-d9f1-4a61-8351-352ab8a64917','Toys'),
	('c84db7a7-43cf-4bd2-b5e2-d8d09bc43d2f','Books'),
	('c88766da-50a3-4914-946a-7728b3fd80a3','Industrial'),
	('c891caf1-d577-4bd7-ac43-35b0acd4a1ad','Health'),
	('c8eb90af-3db7-478b-a5be-d1cc2e6e53a2','Outdoors'),
	('c924b541-d25f-4ecc-aeab-3b4a851a22e3','Beauty'),
	('c9498aea-f35a-4205-872d-8ad071226995','Computers'),
	('c97a511a-d9a1-449f-add1-e16c5c2838ef','Electronics'),
	('ca563487-172d-4bda-b6fb-5b501208e336','Electronics'),
	('caf7988a-31cc-46de-b7b4-6c172040a71c','Clothing'),
	('cb7a4d2e-7663-415a-9723-c9a561a70295','Automotive'),
	('cb9722dd-62f1-40b8-9325-b3f71eabfd58','Industrial'),
	('cbc14e03-c8c0-4c02-a15e-d08d039d46a8','Music'),
	('cc3b34b4-3146-449b-b160-2931bb140d2a','Industrial'),
	('cd012e37-c315-49fc-b7e9-39fe0ebf2a34','Kids'),
	('cd074987-1f3e-48bb-a5bd-622970a3e2e1','Garden'),
	('cd80e0e8-a8eb-4c93-8c3f-a53ca841ed5b','Outdoors'),
	('cda22160-71e3-4f20-9747-8850eebc5063','Garden'),
	('ce4decb8-5c82-486f-b99a-ca891fdde5e1','Toys'),
	('cfbd3451-7d6f-4669-8ed3-4ffc91834a6a','Grocery'),
	('d00052a2-1076-45d1-9c71-0360ce50425e','Movies'),
	('d066a3d2-03d2-4021-a8b7-4d492a2695b3','Health'),
	('d0d2b4a7-a933-4fc0-b820-5e2b7d583bd4','Beauty'),
	('d0e8ec5d-48e2-4266-991d-33223036b693','Tools'),
	('d28fbc1c-1caa-47ff-92f3-02def7d08a03','Beauty'),
	('d2a24f81-158a-44a5-bf8a-5b7851c94f56','Games'),
	('d2adb905-ef97-4071-8d41-0665b870a633','Baby'),
	('d35077f8-b44a-4a3e-b220-c21694e16f96','Computers'),
	('d3e20e47-8c5d-4a16-b96e-3df0a61f7952','Kids'),
	('d3eb368c-e398-436a-b125-c77e9a51e086','Games'),
	('d441f4b0-258f-463e-8dc0-afe823e52634','Grocery'),
	('d4de8659-7589-4b85-b422-5d3c817cccac','Music'),
	('d638f3ae-fb23-46e6-b34d-5d296eb1866f','Toys'),
	('d65a01a6-f09f-4967-9c0e-7f8a74545e53','Kids'),
	('d6983fbb-40bf-4b1d-bd25-5399a65734b1','Toys'),
	('d7e49413-89bd-4f25-96da-734736c4cbcc','Garden'),
	('d8541f03-27f8-40d1-8f49-240fa3b7a33e','Toys'),
	('d9c67258-e3dc-4d3b-9ae5-7124113160f9','Sports'),
	('da10eb35-880d-4cd9-bdd2-c1af32248efe','Movies'),
	('da4ceef8-516e-4610-bea3-77191ccf5478','Sports'),
	('da646ff4-5d7c-487b-80e9-77f3546d1769','Garden'),
	('db4944a6-b422-41ce-9803-38fd6bc90dfd','Electronics'),
	('dc509f2e-95c1-4ce4-b050-f2083580efc0','Jewelery'),
	('dcf8e4f1-107a-4588-85ab-cddaadc7455c','Computers'),
	('ddafcc13-76c6-4471-80a9-ccaeda954e50','Outdoors'),
	('ddda11ce-91b1-4ca9-bc52-e4f2c1be5233','Jewelery'),
	('ddec18fa-5e22-4779-91d2-89507668bda8','Electronics'),
	('de8203d6-7ad0-44fe-bd96-700f147f4fc8','Toys'),
	('df2cd204-2ace-4642-bfde-ee2f57da7ae9','Electronics'),
	('dfcb71a2-e3b2-4753-b7af-b49a29862d29','Garden'),
	('e059dda1-852b-4444-9c22-2d1d7e66c4f1','Garden'),
	('e0727b04-b892-4f25-becc-c3634615b4fd','Outdoors'),
	('e1156091-3c25-424e-bcfc-b6a991951d1b','Music'),
	('e1bc7c4c-709b-4467-882d-33c74fd80d81','Jewelery'),
	('e2e0ab3d-c4a9-410e-89bf-f3c599412b9d','Books'),
	('e356cff5-096f-4902-a2cd-9a97fe4009c4','Kids'),
	('e5a18a17-c3a5-4cbc-89a7-d2228d3422db','Tools'),
	('e5d000f2-886c-49a1-bf88-3e74cc638b9c','Kids'),
	('e5e87ed4-2a3c-4009-a6c0-8f256512ef69','Home'),
	('e628ea60-e3cd-4c31-9c18-f96953c2236a','Books'),
	('e6569018-9684-40a6-b0c6-7806472e9955','Toys'),
	('e6588e3e-6ebf-41b4-bbea-c9d7fa77a8a9','Computers'),
	('e65eb0b6-2263-49db-b05f-e5fc56efe4a4','Garden'),
	('e6fcfbe2-7a44-4445-be02-46726ad4d7fe','Electronics'),
	('e8126e9b-94bd-45c5-99f2-2f0165d0767e','Outdoors'),
	('e83f2ae5-e237-486c-94c6-2ef1d1086d04','Grocery'),
	('e90f0a0d-5a95-4b68-aceb-c3df7b4e40af','Garden'),
	('ea5fb72d-1126-4c9d-b469-d3143db02c2a','Outdoors'),
	('ea7d1012-d1f3-487f-831c-f0d1a9597932','Games'),
	('eb416c59-e29e-40d9-badf-cd658f46aed6','Books'),
	('eb5b9311-3775-41a6-9f6b-0cf2347b74a1','Kids'),
	('eceea6e9-3cd1-4a95-a20c-670571670d7d','Jewelery'),
	('ed42f6be-da6b-4cee-8bd9-b47dfac41093','Music'),
	('edc1b9e3-2444-49aa-b84a-29ef6f1ec337','Music'),
	('edf3ecfa-ab12-485d-9687-ce8ed2ca69fd','Music'),
	('ee490756-f3e0-43c0-b7b7-6fa6674872cd','Home'),
	('eecd223b-e8c1-43a9-ac77-741e54e622e5','Shoes'),
	('ef0ad527-4cb5-4a3d-8f37-e4eff980f2bf','Clothing'),
	('f1cc5489-0ca9-4a42-8527-d11f21bbf11d','Jewelery'),
	('f2b02c97-6596-4f1f-b470-404090338ab0','Sports'),
	('f2c1c2f4-0a12-4661-9caa-2ea32b2a6eaf','Kids'),
	('f2e5dbbb-9c74-478a-918a-e47b5c2c8890','Outdoors'),
	('f3af746d-de99-4c83-bf82-fc248350d5b1','Books'),
	('f4937560-be1c-4f16-be53-8412ed76720b','Music'),
	('f5f0bae2-e8df-4dae-ba79-4b25dd5cae64','Electronics'),
	('f6077d66-6881-4ed2-afdc-c133a82a3414','Beauty'),
	('f61f5492-d9df-4f36-a30b-2fecc7b33812','Industrial'),
	('f80bb254-b076-487c-8b5f-c61df352c436','Industrial'),
	('f86907a0-3e97-45c3-8322-c06cae82e617','Home'),
	('f88697fb-55d4-422f-a89f-274edec03168','Games'),
	('f8c2d928-9413-42d4-8793-a69890c8b861','Health'),
	('f8e5ad99-b28b-4a1d-89db-fe3c5b28316e','Garden'),
	('f90a1f76-055f-4478-a12b-65fd29f9be85','Sports'),
	('f9662f06-fc62-4531-857a-ff9c7fe172be','Beauty'),
	('f9e28830-6dc8-415e-bb37-f803bf56f57c','Outdoors'),
	('fb3e691d-a65c-49d7-a26f-43497035145c','Toys'),
	('fb50fbc7-34c7-46d3-85e5-39c4802175c8','Garden'),
	('fc1cfd54-42db-440b-84b1-55a0660cd65a','Grocery'),
	('fc4d0cdf-69af-4daf-9ac6-2c94a64ac724','Health'),
	('fe4d9f1d-24af-4745-ae8f-389749ac8aea','Music'),
	('ffca9ef4-9014-4f88-ac11-de3928e3aa85','Jewelery');

/*!40000 ALTER TABLE `departments` ENABLE KEYS */;
UNLOCK TABLES;


# Dump of table dept_emp
# ------------------------------------------------------------

DROP TABLE IF EXISTS `dept_emp`;

CREATE TABLE `dept_emp` (
  `emp_no` varchar(36) NOT NULL,
  `dept_no` varchar(36) NOT NULL,
  `from_date` bigint(20) NOT NULL,
  `to_date` bigint(20) NOT NULL,
  PRIMARY KEY (`emp_no`,`dept_no`),
  KEY `fk_dept_emp_dept_no` (`dept_no`),
  CONSTRAINT `fk_dept_emp_dept_no` FOREIGN KEY (`dept_no`) REFERENCES `departments` (`dept_no`),
  CONSTRAINT `fk_dept_emp_emp_no` FOREIGN KEY (`emp_no`) REFERENCES `employees` (`emp_no`)
) ENGINE=InnoDB DEFAULT CHARSET=latin1;

LOCK TABLES `dept_emp` WRITE;
/*!40000 ALTER TABLE `dept_emp` DISABLE KEYS */;

INSERT INTO `dept_emp` (`emp_no`, `dept_no`, `from_date`, `to_date`)
VALUES
	('0054479d-3740-4374-a2a3-370358b149d8','a6d8d73b-34d1-4f1d-8bad-7ddd05c0e85b',1643429836622,1672337354943),
	('011a4c36-bebe-4fe1-9df7-4f4b79cb82a8','b9d159ca-8f36-4dca-9deb-90378c0f9927',1629544634185,1666813609947),
	('0192d4a9-5138-4f98-aa20-edc133b7dc91','81626f4e-7570-496e-9310-9c8df8c4cf57',1617470377842,1658302346838),
	('02627276-0549-4f18-b4ff-c6c4c161d6c8','9085af70-c593-4f8f-8c71-f14081f610f9',1612117766953,1669039409201),
	('02e22813-a2ce-458c-add7-c47346f216fe','b22af99c-904a-46c3-85af-4e03e46ddd95',1641258538172,1667246340764),
	('03cd0bed-100a-4e3a-8c6e-1ac225f9d65e','3af7b5cb-94b7-45a0-a853-0557be3caafd',1632747505971,1668119338639),
	('03e0b9c0-1fb4-4cb8-a1ec-0915ac48600a','636b63de-84f1-4c25-92cc-c54d48caa690',1636108710801,1649957591261),
	('04d4af8b-d191-4140-8c3e-b9a95db6b8a8','2c2a98c5-cf47-4061-8502-4bd2d4c66360',1623737404256,1667174442782),
	('057b859a-e97b-4614-a2d3-896032ac02e6','01a43056-6664-4a0f-9aa9-d1606000b85d',1627110556127,1663490006535),
	('0646b35a-4167-46c6-b5c4-941ee94d0d7a','191c3ecd-a131-4114-bf9a-41fa16f814cc',1612372853570,1669508243079),
	('066c63e1-8cbd-4315-a08d-6a133f17030d','3dc2607a-c351-4cf3-a1bc-509180bead90',1627676713203,1666620644253),
	('086b6bc4-385c-4f40-a736-39177963d4ad','393a4d2e-913d-421c-84c8-e6964fefe5b0',1615890359990,1674290186086),
	('089b9b70-9a38-4219-86ec-d121308d5f90','4e67ae0b-726b-4b69-aca9-d452cd869835',1641485625387,1657890248425),
	('091fdf03-1384-4506-a486-dba0ab94f0b8','040179b3-47c2-4168-bcff-8e7a45a9c048',1639982093666,1657897671455),
	('092f3a16-6388-4b1b-b7d4-cdc1adffbd87','8b8b70ac-3b02-4043-8acf-13404309622e',1613277790996,1672346958649),
	('0950142f-8ed5-4eb8-a6ff-dc9135eb60a7','d0e8ec5d-48e2-4266-991d-33223036b693',1634035093288,1673900925170),
	('09ed8e37-e46a-406b-b559-397c2fa4ab64','d00052a2-1076-45d1-9c71-0360ce50425e',1614048078839,1644032863406),
	('0b2392bb-2b03-44db-966f-dadd97eaf5f4','5daae343-0b0d-41eb-9657-27688fb2ac6c',1630122327682,1664040830032),
	('0b2537d6-0850-4506-ae4b-0935046b95be','f86907a0-3e97-45c3-8322-c06cae82e617',1613232771898,1661200916695),
	('0b927e7d-8d1d-40e1-a71b-eb75748e2ba6','765e1101-2332-45eb-a0d8-86df4eadf554',1633738519681,1657470223926),
	('0c1bfb24-55bd-40d9-8246-aaf2c51d0159','6821ba88-77a5-4ef4-b08c-2edf36ccf823',1637260780452,1667006085846),
	('0ccc3dbe-eb06-450f-8e03-088dc455f1b7','7a1f0f7e-24e3-4b33-8bc1-fb33f63f4465',1635581893065,1656893616537),
	('0cedeec0-59aa-4bc8-bff4-a60fbbc12b3b','d35077f8-b44a-4a3e-b220-c21694e16f96',1642247805740,1647572477086),
	('0dcb7394-97e7-4f48-a438-5131d04e8f27','4ee0d8c7-f73b-438f-bb36-c48b383664b0',1614720125285,1655059796509),
	('0f636ae6-323e-455d-9245-98f3e19d58bf','a25bb907-0b10-4ba9-9c34-3ba7c52b9c7c',1642988267269,1658389494216),
	('0f6ac727-4f7f-40fd-a5fc-2b33ede9e4b8','3f86f8fa-4cae-4fe7-8b8f-876156c28d14',1616870216953,1651444252174),
	('0fa514cd-5176-44e7-89c5-0061be90acf4','0eb70a3b-6ea6-41dc-9f4c-1f4e09c6d057',1620389407522,1662214086192),
	('0fb0a1fb-a750-4bc6-8691-f4f353145bb4','d7e49413-89bd-4f25-96da-734736c4cbcc',1631416734402,1671719528404),
	('101ce52f-ff74-47a2-bb2e-88f3890aa085','397fa263-202f-46d3-b5d4-07ff83a27ba0',1637929363286,1655642860034),
	('11c7bb5b-afc5-4ba4-930a-49855333ed3a','edf3ecfa-ab12-485d-9687-ce8ed2ca69fd',1635604870178,1653869651107),
	('126f08ff-96e6-423f-99fb-79c582c1eda1','46d23266-0637-493c-8413-c8648d99af07',1613691716168,1659629829073),
	('127d5a65-ba56-47a8-9506-c0966a306c20','06500396-e71d-4fb6-ab76-c99508402505',1627759863949,1674848628075),
	('12be3673-91fe-4e3f-9d56-ae87bf6bbfe1','48f9d026-40a0-438f-81ed-0afbbfc1186b',1639004169272,1668930368399),
	('12e8438e-93f4-4c32-8777-bc8434061486','b162a963-db00-4223-9fb3-cbe5e6d9f732',1625026814972,1657245665311),
	('131a25d4-6020-4751-8295-dda270354a61','fe4d9f1d-24af-4745-ae8f-389749ac8aea',1636273799532,1654006676785),
	('14455a69-36ae-434e-a6b3-87fea4fffcce','73811bfd-f40a-40b7-87e7-643332956916',1620658410526,1670622464903),
	('149ffe60-fd0f-431f-bf0a-aaa23fc57823','80ca9327-f176-40f4-9c05-1c9c5333a5f2',1627191821791,1670007771841),
	('14ef4acd-228d-477a-b3bc-af85a163894f','51b57283-7007-46d1-9a2d-98f30bf5fdbf',1637457891077,1671629541919),
	('1527d8f3-4d54-4ace-8b6a-a533e79529fb','a129e194-28be-4ae6-8b98-46ab9b8fecb7',1619906031893,1645166683007),
	('16843a12-0780-4253-b515-f2140afcd5bf','0bfc55de-f1ad-4bea-991c-6c19d1b70563',1625819799586,1674835245615),
	('16e02e0d-0ec2-4dd3-9d99-0e684e372c7a','9e9f8464-e39b-4aaf-8eb6-592eb7dd2110',1620913096407,1650921584632),
	('17406bd8-76ac-4323-86fb-c682c9382f63','de8203d6-7ad0-44fe-bd96-700f147f4fc8',1613186637713,1658125601662),
	('177165ce-fdb0-480f-8b51-31dd941fc597','4a1639fa-7af0-4a08-bbad-0f6f1fb07169',1625477540704,1668866240335),
	('18649932-606f-4222-a8b6-83c96c561b26','078ff3e7-c182-4f72-9224-c5e115d97783',1611972904305,1673665204021),
	('18b3900b-8c8c-4760-af8a-ac7bd20078b5','c458ea3a-4898-4f3a-9a34-20dc5273a5a3',1635886445135,1658219326870),
	('1a05c0f4-7c98-46bb-b8ba-d1e94eb87439','bf84d149-62f2-474d-906d-e05bd65c6fd8',1639372491913,1673288361792),
	('1b256ea4-c96c-4b00-a971-c0d1eab9180a','01ed6ea9-acd0-4ee8-b36f-8b59f39a611b',1642444888182,1651451745604),
	('1b51fbfe-92e1-4a14-a670-678618565924','e356cff5-096f-4902-a2cd-9a97fe4009c4',1634789436449,1674114997199),
	('1c26a56f-85aa-4ade-81ee-9acf831b0013','8855b624-4165-49bc-9517-e237b59ea60f',1626330723197,1659843453920),
	('1c57bbc6-0d42-43b6-8694-52fe4ceeb27a','b91c9d14-678f-41ab-8e38-1309bbd81cf6',1628466123512,1672872988708),
	('1d50347c-2a85-436c-8b03-6fd4aee202cf','329a7ff9-fd3b-42f2-b151-69d95e290f47',1625804494636,1674667825921),
	('1d60d343-bc61-472f-ae09-9f7431c22790','00465f5f-8414-4d20-9ffd-49d0e7d0dd63',1633378142848,1645600187099),
	('1dc31c6d-f7bd-4feb-8906-736d3105d2d3','cfbd3451-7d6f-4669-8ed3-4ffc91834a6a',1626635496585,1647216909676),
	('1ef4e91d-1e70-41d4-a97d-3a0f27716961','0fcc32df-40c0-471f-86b8-fe161dfc7008',1632981128736,1655081167528),
	('1f388f90-d6c4-445b-abae-1cf9209a7f9a','4bc40e40-98c0-4de7-96a1-8157490fbc43',1623329746189,1644145684078),
	('1f7663ae-6d9f-4587-b616-8eb149eda269','691d9767-12d8-43e8-ac88-bdf0b84ca2b1',1616521334390,1648328728209),
	('1feacdd4-d4ff-41f7-93d5-39d3a1eefc9e','49cdab60-c619-4358-9456-2ab9a4acabbb',1621318920685,1667001460898),
	('209637fa-282e-44be-9511-fa873398c450','2cb539ac-c6a3-4f41-a282-22e7d357a37e',1634900405034,1664297533174),
	('217f7e95-8a56-4c69-93d3-867c224f20da','84184154-018c-4932-80dc-b8432253226e',1615705320698,1665678135982),
	('21b0660c-7aa8-4040-8cd3-02550d908897','58f1f9ee-31bf-49c2-8577-799a485a5ef7',1629544475993,1649504761547),
	('225bcc97-3bf2-4a27-873e-e20aa16d8457','928b13fe-aeec-4348-ad03-1aed35ab07a7',1633907053716,1646592543987),
	('22875b6d-b18b-4ec6-b5f8-04e37e7b5a5e','72bb2ee1-415c-4e59-9325-8bec543455ca',1629706088334,1659866219802),
	('229181a7-ba22-44ba-b3f4-c31280942265','bb02152c-67a8-4c8d-90d0-3d331df3ad27',1636256328239,1671494301276),
	('23861889-ed59-414a-882b-b66d9ce42134','33e5c16b-14e0-4d40-9a93-cbc4333d6b82',1637735113600,1658572614456),
	('23d2decf-5bfe-4614-83e8-411ee167f438','a43d8257-234b-4536-b82b-ce074c7d6ebd',1614139393702,1653022956152),
	('23f9c7d7-d11b-40b2-9cdd-029e265f3c25','e5a18a17-c3a5-4cbc-89a7-d2228d3422db',1624326027954,1654307775960),
	('245d93af-e691-4143-bfea-548b59351bdf','29bdd5ac-3af3-44b1-bb32-79d1cd8267aa',1630150109733,1643805920873),
	('253f020a-e9f0-48c1-9045-2559b0727707','ddda11ce-91b1-4ca9-bc52-e4f2c1be5233',1631831972992,1662865496477),
	('25463e06-67f4-4917-90ff-035b238c6c0d','ad117c7c-c6d8-4835-a66d-b8f1f1cb9aaf',1616501989458,1669580727241),
	('25dfd035-15e1-4461-b0de-8ec677bfc8c7','bfe67fa0-0f67-4089-bedb-b41b6459fa24',1636682923843,1666608097634),
	('261ab1ec-b05e-4572-8fe6-1900cbe74061','2607d060-ba01-4d71-840a-c4f31b015456',1630967409867,1664105228117),
	('2654baaa-6eb9-4aaa-a141-5415ed930948','b2028711-560d-412d-b16e-5ed9d42da4bb',1624862245434,1669752645586),
	('265722ee-89ef-4b2b-9c0f-04330d8a2e5a','34ca7f74-f084-4218-b1a9-102ac215f533',1641757827627,1649118809529),
	('265cd52c-c31c-407c-89ec-3e3ae179b8d2','cda22160-71e3-4f20-9747-8850eebc5063',1625783077162,1644679982260),
	('266e1454-fd00-49b2-a920-87dfb8075fef','6eca222d-10d8-43fc-8646-9dabd9286c91',1624752356316,1648793723461),
	('2689d838-6da3-4ae0-b011-bf7dc7985ef5','f88697fb-55d4-422f-a89f-274edec03168',1629645115105,1662269407692),
	('26a996c5-c598-449e-8df1-5fdd3e2b67bc','bb251f38-8b52-4aa1-9e06-bbf0d1d5cdd6',1631544917301,1673604629342),
	('2872fa13-6536-4ca7-b891-e5ecaff9695b','75d5becc-58f3-4041-b2c7-9c5900601056',1635419770275,1652250129406),
	('29965083-41af-4fcc-8764-5200e98638de','f9e28830-6dc8-415e-bb37-f803bf56f57c',1635213705149,1650679714294),
	('29f7e031-a891-4790-97cd-3bd53caf5177','2cf6fc81-bf5a-40e4-841b-d8265322196d',1641374834687,1647012408282),
	('2a27cb0f-a089-4ffd-9108-c3b3d2ab111d','d4de8659-7589-4b85-b422-5d3c817cccac',1630497004358,1657347544431),
	('2aad8751-e9f8-484c-9c4b-acc0be9df0d0','e90f0a0d-5a95-4b68-aceb-c3df7b4e40af',1627351685361,1665693338182),
	('2c80d2cc-c7ca-455a-b8bd-094050cbc443','f4937560-be1c-4f16-be53-8412ed76720b',1617046735130,1646412129215),
	('2de50ac7-d06e-43f5-b69b-79be8ba9e6ea','6fc93c9d-12a8-40f4-8bb8-e01db3bdd53d',1624861631634,1658848825714),
	('2e19f837-abf3-4835-a2e8-4d12b91ade9c','f80bb254-b076-487c-8b5f-c61df352c436',1635100170826,1648469122299),
	('2e39d002-7fb5-4b58-8e22-81b849d16f1e','02f91726-5f19-46a2-922e-490f0b40ca88',1613065464929,1672192435505),
	('2ed145a3-9682-4e5a-8fbc-67bb24d6f970','ffca9ef4-9014-4f88-ac11-de3928e3aa85',1642170774452,1673484164980),
	('2ef63e91-b9ea-49c9-a2a9-8e26ab387443','96c04898-443d-44cc-9730-d24d078e1426',1627475124993,1653768449767),
	('3007577d-27b1-4d1a-a3d9-a9f1ff43aba5','4c6aae8a-acd7-4580-88d7-24843946cae2',1618475861175,1651741483041),
	('305503e1-123f-4d47-859c-24bbb2eb8c9a','e5d000f2-886c-49a1-bf88-3e74cc638b9c',1634404360500,1648408822275),
	('306ef61d-3e06-40e6-a709-2b9f718346ac','8d68c2b2-ab6a-4c84-b9e5-acb4b462cfce',1641424024150,1658351563827),
	('3082c098-3c0a-419b-ae4d-0c9fb02ff200','3fc28c6d-3f25-43ca-bd60-1b40b1d6053d',1639822834015,1655905995369),
	('31586798-45ce-49e6-8afb-98d416037b7b','160951f8-d4de-475c-9ed2-b24d7eaee82a',1632754372522,1667122073612),
	('31d29349-c59c-479b-a92e-44d65a41f503','8e4ac0cb-267f-49ce-8fa0-c9d34538caea',1612686519230,1663420246310),
	('31eb534a-b119-49a6-9b90-661e66a64dd2','3f1694ac-bc02-48f9-9c42-732a648ed1dc',1621423613608,1670688292621),
	('32a31233-529f-4ed7-b826-b2ec48102669','1a49189c-748b-4277-bd65-0f4bb5b6a0ec',1622879410256,1669287804246),
	('32b5f69d-790c-442e-89bc-701973ae6882','4e52cd93-c7fe-4ee1-83f1-cefefaa73065',1631724144467,1653417834897),
	('32d80d80-6987-42c2-953c-8bd7acfc4a53','cb7a4d2e-7663-415a-9723-c9a561a70295',1619115498342,1669129848144),
	('32dfcc0f-b530-43ba-b6a6-96cde446c20d','05589c6a-d21b-4852-961a-93ab5ae8f17f',1635494408418,1653752290936),
	('33c168d1-9b57-4c29-9423-913733052df6','094a4260-0100-40b4-9a05-d91a18030b61',1624883016009,1659131098081),
	('348cd827-c257-4002-bcd2-930d4f29a018','bab3ad63-1697-4fce-8759-8e454a2b9770',1628266672623,1661457519929),
	('34c7edf8-3259-4020-91a7-603df6e3725c','c15a3e23-b070-414e-921a-9ad715075c7a',1641145103494,1668255847307),
	('34cc57b1-4d9e-4d1f-b201-52f1065043ea','b80f762b-ad2c-4c2c-938b-b61c6a7979e5',1621648027231,1666778687847),
	('3514f172-f0ff-4e86-a3cb-ec217ab01625','c1feae47-5234-490b-9421-c3b54b9f04ee',1624444720255,1650753996102),
	('35e2bda3-6db4-4b30-a0b7-0a40f1d52f04','01e00cae-d9d2-4349-8588-3ec476e509f3',1643174518232,1659652377396),
	('391f41b7-f26a-4a1c-94cf-bbde49fa8acd','bd05867f-36d6-4f0c-84d8-e06d5d4df131',1618114730072,1644908586534),
	('3a6748e2-7671-4d71-a59e-e95656278a90','d3e20e47-8c5d-4a16-b96e-3df0a61f7952',1641101249500,1672345444571),
	('3c747cf6-391c-48e2-b0a2-72f1e0223af7','89e15b35-133d-45e3-abfe-a965754c9244',1629107603819,1646247352913),
	('3cb3973f-2db0-4ac7-b1e5-75914e49154d','44453c15-0418-4679-9e8b-2229c535ebc3',1621050808898,1664482495735),
	('3d9f96dc-fe72-4d71-97f9-51212fa5fa9c','883dfc3a-464f-4113-b04c-b537f7e4d5a1',1626872513706,1646432057446),
	('3e145967-4a7d-4862-89e6-6b03d96f9ab6','23b37379-0ea5-41ab-abd5-e148f1b1e825',1641499219690,1661191614393),
	('3f9b8db0-db1f-446d-8b57-566ece1202dd','20e4c040-a77c-4cdd-8e3e-53cc092e40ce',1642697749359,1657770266457),
	('4097afbf-1bcf-4332-a8ec-7d089340e5cb','d6983fbb-40bf-4b1d-bd25-5399a65734b1',1620575916392,1663710486604),
	('40d69304-57de-4066-b78a-586d4d3a56e0','e1156091-3c25-424e-bcfc-b6a991951d1b',1630328015857,1673006263327),
	('411ffd6c-c609-4a6f-bed9-9a264fac2102','ac0c3bce-f17b-4eee-8c9e-3d2604b63231',1627203401987,1654690036609),
	('418388a3-656a-41c7-822e-6aa73084dfb1','c49797d9-26bc-4d53-b363-7b1b11c94a86',1614759468545,1649319705248),
	('42799b69-adf0-4cf5-93a7-f642446cee70','19b2bb68-7b2a-47b9-9169-a48e2e6691e6',1629165680443,1652505266350),
	('42b61510-1f74-4913-a731-15c06d69bae7','0ab02b1b-5755-4cb9-a225-7f7a51453645',1618657119462,1653269831548),
	('4321f8a3-e0ed-4aa4-b0a5-e3a1ce6f197d','caf7988a-31cc-46de-b7b4-6c172040a71c',1617378419163,1670066398272),
	('43db978a-e618-423c-92b1-fa1f44da61eb','07da6e87-7e82-435b-96a8-c5eefd9d4d79',1637241443205,1672466176345),
	('43dc6511-1c4d-4e94-b9e2-1bfef587f28f','99d4afdd-8931-41ca-8ec3-cee7f8d06a64',1638715258355,1644018346115),
	('450a6372-2681-48bc-8f83-32ea13698d99','05dfebab-4549-447e-a6ab-c850a087df59',1630306313509,1645463875326),
	('452110bf-d0de-4067-8ad9-76b98a37065a','f1cc5489-0ca9-4a42-8527-d11f21bbf11d',1617985239231,1643846268712),
	('457fc870-7fe4-43bd-90ff-10c1518a7530','d2adb905-ef97-4071-8d41-0665b870a633',1632968941565,1657436933236),
	('46133580-e16a-4d33-911d-f4522e116d86','19d4bfad-aa9f-4f6d-8fbe-e1566bd20bd6',1617526840515,1655717814860),
	('4662e39e-58a6-4918-aee7-3e9d1f77e224','24d3915f-7b92-44e0-9215-b23fbf707838',1622638313659,1648625535088),
	('4664ad8e-d4ef-41ac-9827-64787652bcbd','97f87f16-4611-4e0c-897a-c6ff2337404b',1642437476027,1651439275073),
	('47171aff-b3f3-4963-83b7-49534e8942df','9b77c08d-629d-4408-9ada-d684723e6c96',1637385261212,1646516528723),
	('47aee8d9-88ec-4d8e-8d46-001713992479','6a1b61c4-1df5-4c9a-bd7c-8b0ffb75ddc8',1628055611901,1649347643896),
	('48942e12-3ddf-41b8-a2e6-17f66b78f945','2e7da7a0-5c1c-452c-b1b2-dd3168f663b4',1639882341029,1671960830618),
	('48c52913-29a1-4661-9d6b-f6d4675fbe51','652818de-b92f-4496-86f8-cab0dfad086b',1638544177191,1665532404110),
	('490a7ca4-0d78-4de0-a0e2-8b4dd7107d7c','3aa768de-fc9e-493b-a6a3-9595726440cb',1622074099928,1674171430492),
	('4936fb4d-8da2-4132-b59d-f7a659920ab2','6eb22c87-e9ba-4de9-b650-991aecebec4b',1635569944197,1672287375506),
	('4a1547ad-56c3-4865-b42d-c84a047d2b90','3858ca60-0df8-49ef-8c8c-2cdb95f8230c',1642789195391,1661319455026),
	('4aea6c18-2b8b-4838-9067-6a87ca7b3bd6','bf022250-3b00-401e-ab85-aa203f7cbb52',1641783629733,1673914175307),
	('4aefd7cf-a90a-43ed-8caf-297cf92afdc1','f9662f06-fc62-4531-857a-ff9c7fe172be',1634713669085,1663322030860),
	('4bedce2a-1250-410f-b65e-568901639faf','cbc14e03-c8c0-4c02-a15e-d08d039d46a8',1625719142522,1647837990798),
	('4c77524d-f4b0-4784-ae7c-0512993a4fea','c924b541-d25f-4ecc-aeab-3b4a851a22e3',1642889036764,1653581587002),
	('4cf97384-358d-4e68-a1db-55e25559400b','e5e87ed4-2a3c-4009-a6c0-8f256512ef69',1622348440999,1664159262683),
	('4d84dfd2-bdb7-4ece-a89a-646fd19ef569','3efe3fb4-dc2c-4ef3-a156-bd9d5caa4a47',1628638264199,1647008328837),
	('4dc51f2e-ef33-4dd2-b0c9-fc55ad7541be','ddec18fa-5e22-4779-91d2-89507668bda8',1626437195972,1674065201790),
	('4ebf5d50-41eb-48ef-adeb-88ab2a662ca5','785a7d6e-a732-4fec-8bd0-f16e241d54de',1642431648016,1644043661143),
	('4ed91868-da4b-4231-9ef1-0a5de27d71f7','0740fb02-564f-4b68-ab38-7d8c7cee3cad',1629786636195,1673726939327),
	('4f06f37c-7dd7-42b2-8762-ca306f014220','1973c79a-9bf9-4645-acdd-110e018c4e6e',1632557730422,1661299463027),
	('4f2ffb58-79e3-46bb-b71d-8562650f2e92','4032940f-4afe-4dc7-a9b7-bc0054ff396e',1634312387985,1652200621673),
	('5055f0f2-a339-434b-950c-b95aa7201470','b36505ee-40c9-4e5f-af4d-242f81cd4570',1631780841529,1660515302281),
	('50e47382-0ea6-4877-8752-57cf25ed4103','252a469f-62f7-4882-8623-7f6d5cc95544',1623743857408,1667862355814),
	('522e05d2-5cae-4093-abe7-e490e48f55d7','f2b02c97-6596-4f1f-b470-404090338ab0',1624566884623,1644582463968),
	('5249386d-e21f-4507-b81a-1b85c1c67452','1662b561-42b8-4b9d-ab61-9a579a6060e3',1626545663871,1664940849264),
	('525ee02e-6437-477d-b347-7cff2c59f313','24d1bb25-7e2b-44ad-a069-8d3bf7afce1d',1622146030744,1660107855345),
	('52669159-9284-460d-839f-fd8c25b9147c','9e0df4b0-1026-4b04-bfdb-8fb3a82b5d30',1633590119477,1644332808539),
	('52713665-b0f0-43a0-a97e-f892046d1e89','4f0f600e-ac1c-4c01-873b-b8fec50e077a',1640890589097,1664704789441),
	('534ba244-2825-424d-bb13-9c659f182c8f','169333a9-6b87-4aa1-8e54-0d907cf000a5',1625313662721,1668842677984),
	('53520ca4-2715-4ffa-a603-72315af61605','b4860016-614d-4f28-a862-376a82306045',1634861215680,1669122933272),
	('53c8bf6a-c9ba-4ce5-bc85-6260d17560e8','eb416c59-e29e-40d9-badf-cd658f46aed6',1635924456810,1671513014305),
	('5413c0bd-e3fd-4bc4-9337-4c99d91ef355','0fd6d6b1-ec52-42cc-8b29-3fcd5c01a80e',1627675539867,1656014177460),
	('54851f31-da0f-4e37-9ccf-eee266a2114a','9daa648d-9d21-4bf3-9acd-94fe8c1755b6',1641847791236,1648824023164),
	('54b013f5-7aa0-4b52-b933-a66cace20a78','dc509f2e-95c1-4ce4-b050-f2083580efc0',1612711652314,1674918004953),
	('54bca75c-f7f2-48e5-8944-5c19b1f9b904','247b32ea-983e-4356-ba43-d845d17a74d3',1641376869248,1664413752856),
	('552dbd2d-4da3-4de7-a4f8-b72b6919317a','779448c8-703d-414d-bfd9-0df20e170b18',1629508505726,1673227134408),
	('5552403c-9242-47b6-9faa-c06be3b9e742','f5f0bae2-e8df-4dae-ba79-4b25dd5cae64',1626698710026,1660360176498),
	('55b84be8-1dad-4f86-8309-47f73b549c4a','0e056131-6d9f-494c-a092-e89a0fab1e48',1636901702391,1650049347053),
	('56db6893-8310-43e7-8a86-3d3f364f0813','76776d24-40da-463c-a2e0-86cd1d44fa6c',1621850344268,1668342267322),
	('5741ab7e-9519-4537-b496-f25e4d692291','1ad7b927-9785-4202-9932-cdcb671932fe',1622595697370,1657881720328),
	('57dc3cd4-1d7f-45ce-bfe4-1f2a097c168d','6ce0a5b4-b2b1-4601-a0fb-c126a7d5a24b',1629985497962,1644735314086),
	('57e7169c-dace-45fb-abc8-25fe06f89d68','f8e5ad99-b28b-4a1d-89db-fe3c5b28316e',1638151959906,1643594940418),
	('5808666c-05eb-44fe-80b4-ea62106c1fb2','546d483a-69fe-4b14-b1f7-7351750e65a1',1641855812755,1673017645052),
	('586cfedd-24b8-4a51-85e5-f165c542c454','4508cab3-8ce6-4ca4-b2bd-ffae8c5cd262',1613686559197,1665319969436),
	('58e00591-6923-4305-9267-816d27bc688b','7748c5e8-fac3-4e2a-891b-4b3ae90f61e8',1618484266689,1658592133890),
	('593f250d-783b-441d-9fa5-8d36bc80a229','3283a233-af8c-4afd-b2b7-359b35e8f450',1627802290830,1655305273251),
	('59995bfd-4b73-4c63-abca-cc2fe3e0bbe4','6f98a396-85fd-4192-8d6c-126cde8d24ae',1638374039710,1662964571544),
	('5ab619a2-e98c-420e-8419-ba967193ee71','aee5797c-ca5e-4256-92ee-75f48886953a',1620875081869,1648412307131),
	('5c56967d-12aa-42fa-bda1-1a0cfe185f84','cd012e37-c315-49fc-b7e9-39fe0ebf2a34',1632724161183,1674723940316),
	('5c8b6dcc-2ae1-4e39-8e57-242aa84e5505','5b79e35e-2abb-4b5f-8111-2d5d08df52a0',1622943284910,1654121362761),
	('5cbbe73b-6574-48b3-b39a-3ccc59c125f8','1f0b506e-79dd-4cfd-87a9-249dff759e16',1616802295696,1648230470748),
	('5cc35080-abeb-4351-bc23-657596fb4db5','42fa3310-d2ba-4e60-9b6e-61f3c3e44641',1635176296925,1660473984647),
	('5d2344bf-60a1-416e-8181-53fb04bd0f81','e6fcfbe2-7a44-4445-be02-46726ad4d7fe',1619216939028,1645854301930),
	('5daf05c0-55a4-4558-9bff-b40ca0660b5a','464e70f8-0594-4c19-b42a-51666206a8a6',1626858482811,1660626415017),
	('5dfaddaf-8505-4e91-b963-588c308a4402','df2cd204-2ace-4642-bfde-ee2f57da7ae9',1624774327228,1662942009752),
	('5e508e2d-635d-44a5-a918-99d7240d9907','2fb61c89-e3d1-490d-8c31-4369812ba114',1631599555036,1651457679923),
	('5e57a227-bd2f-4b6f-a47e-ac3e883b24f0','a56f57bf-5fbc-422b-82d9-5e931cac1ddf',1624500816784,1674644620279),
	('5e901ae6-bcc3-4c4a-8d5d-3ff72bbe2a53','c16d7771-7ad5-4569-8f13-782338d6de93',1636763374396,1662671629508),
	('609eb25d-9908-434b-80a9-8ca5866424ea','15338825-a8bc-4854-ac3f-cff852c2a158',1615452268669,1669534319036),
	('614898be-d65f-4485-975c-f2b42c33f7f8','a68698c8-6afe-48e8-a370-d0e281a24d68',1630333151292,1669272243325),
	('617b5dec-eec0-412d-814e-19d4bd1a526c','cc3b34b4-3146-449b-b160-2931bb140d2a',1630909036919,1672297395781),
	('617c4642-d169-4c2f-bbb9-1ced88aebc6f','551d1ca8-3ae2-4d66-9df0-d793b16ad935',1618868733912,1651836833830),
	('62a131c9-c77d-4ba0-8b64-954c61002f8a','10e46ae0-9b3b-439c-a049-eec63cd67fb1',1641348308165,1663353456676),
	('63a3be6b-1199-4ab2-b683-397d28025982','334fb9da-d61d-4d99-b9e7-0517c527a545',1627798829409,1647571765846),
	('6542dccf-294d-4d99-9b2c-d926fe7d78ac','be8e27ef-5054-44d3-a55b-b3d46a8ce1b7',1637184667452,1673741460818),
	('65bff6c7-b6ee-48ec-bf34-102375f29a2a','621e9031-a8c6-4eb2-b9f8-e831d758ee70',1624416177197,1672214370338),
	('66305c42-3d0e-4921-8782-6a5a76ab4389','ed42f6be-da6b-4cee-8bd9-b47dfac41093',1621689207167,1644294008122),
	('67463b57-d879-4a43-a198-ce3578bbe5cc','637f9acf-0861-4300-b20f-0c0abd9c3f82',1642972991816,1654811089362),
	('6777ed36-7e2e-4845-a7dd-e700bec7a1db','b5da2161-fc2d-45ed-a634-a4d780661e0d',1639466105943,1646562582813),
	('68471939-f7fa-4823-8fe5-e85e10c3ffaa','3160d2a5-ed21-4104-ac71-3bb33002b683',1615638645681,1655534963245),
	('68b03a31-eec6-4b21-a868-b5047667cd92','11dddca9-47a2-4bf6-b19e-24f21f55a6eb',1630988987978,1659108490151),
	('68b84f34-ddc4-48e7-8930-5bfedb583ab7','c5639bb2-97f9-46e6-8a7e-d075aa068cd5',1617491815556,1659846858728),
	('6948cfff-66d0-4a88-8194-c548b8d6826b','686e4070-0dd6-4ac4-86e9-9b0e10033f03',1625366051787,1670169044799),
	('698a5adc-4f4a-4acb-830f-d28bb67bd0ef','cb9722dd-62f1-40b8-9325-b3f71eabfd58',1633488589791,1652399103595),
	('6a4a8b48-dcf7-4ede-bfae-4b1c2dbf2a4d','27bc15e7-5de2-41d4-a178-8b975aafd789',1635532842891,1667213673655),
	('6a9c897c-f248-45bb-9908-a52038ba87cd','b1f531a9-2f67-445c-b9cb-54e7ff999169',1624945287346,1671110599263),
	('6b67660e-2b35-46bb-b30a-f1265ced294d','c3b55f1b-7e4d-4c71-b5a4-8928a24d9243',1635556236951,1659981859505),
	('6bd47d73-e826-428b-8664-31633164d9bb','14e47a81-cd81-468b-9173-0a5db1fe713f',1628705826280,1653134343443),
	('6be8aa95-93b1-4aa0-b4ca-f719db800707','8b5ece53-3d45-4ab5-beaa-84731a0a7d5b',1625281624326,1664882068798),
	('6c0e9ac7-2455-4d00-93ca-5c1870d118e3','a66424b2-6cb2-476a-9c4d-69fc5a92062e',1632624896348,1655624246898),
	('6c284a94-49fa-4927-9962-cf724105550c','3cbd8523-c275-4cea-ae2d-49c6b8b24c4e',1624755844197,1651350179590),
	('6cf86c76-44a4-445c-a607-9347c34e5007','a86b88b6-926a-4a11-bd02-efcaf0f34bcf',1635680100438,1650927597896),
	('6e4ee260-9651-4124-8aaa-e88668659882','a3ad6c51-5afc-46df-b02f-472e0ab6115d',1622989398623,1654621814519),
	('6ff6166f-725c-4af4-952a-a787d7d28b5b','5d0c2c2d-e66c-46f3-8eaf-c7645b943c15',1637293125756,1668377345577),
	('70b7ac1b-fb20-4cc6-8447-b312a05900fa','ca563487-172d-4bda-b6fb-5b501208e336',1618382187535,1673020555377),
	('713c252c-b040-44d7-8189-8b188e9ee097','2f884f81-b0f2-4e67-9fd3-e0da1c98e9ba',1637960378673,1653255284843),
	('71ee7135-8a32-4603-992b-e7b9463c89b6','6c9f98dd-e6ae-4222-ba8c-97d77c077140',1623103600524,1663655662026),
	('729dcf89-8da6-45bd-b439-ef506efffffb','c84db7a7-43cf-4bd2-b5e2-d8d09bc43d2f',1623237568946,1654899735293),
	('72ee769e-e521-4524-96e8-9a4fd7263734','13c6fe15-3044-4a01-98a8-b8ca7db1191d',1617999111233,1656716723260),
	('73babd59-92f3-4d7f-a9b1-8cd372e20e11','ee490756-f3e0-43c0-b7b7-6fa6674872cd',1634043726534,1643616256754),
	('73d40b4f-0e11-4d82-addd-c293b6e3882e','6b03fafa-6b9e-4e8e-a0ce-c7d05a6e1e8c',1635999229556,1667810487633),
	('743a18b4-afec-46f7-b97c-32d6ec2f70e4','97a9bd13-d754-4daa-a0f5-fc5a1042f8c5',1642932744814,1663403655555),
	('74ad4fe9-4592-43a0-a496-870772e2087a','85af3c96-09dd-40e1-8d2c-143788691851',1627067879497,1673459922780),
	('75cb6a16-cb52-48fd-b4d3-a8ae76b6da74','4f83b3cb-a41e-4112-9cc6-c9b1304d74f0',1635353196558,1667550726814),
	('7702ef48-ae36-47c4-bf70-79bdb3348149','95a32f50-34af-40ae-add4-2002a4d749db',1628811844317,1653773183752),
	('77d7f465-26b6-4cc3-b2d4-e59d36ef1e2c','c6b21636-89c1-484e-baa8-5dea935fc5fa',1643216761398,1645355403248),
	('787bb35c-44b5-41e8-8004-a9a20eb1f66b','5d5ce8a7-6f01-4fea-bb1f-fcda7ec03039',1612753779472,1658844378294),
	('78a4af95-76e0-49e4-8996-54e1a7efeebb','7697805a-4765-4002-9b76-a6c15e7a3990',1643480881608,1666723198005),
	('78e0d8ad-2021-4fbe-9bf7-9f2d129aecba','d638f3ae-fb23-46e6-b34d-5d296eb1866f',1631738663950,1663712184707),
	('79a6a052-e5f3-44e7-8607-eff04fc2d091','6253e192-9188-4831-ae96-20d5d69069be',1627409096754,1660694545442),
	('7a39b1a5-3605-4f54-8dcc-5df075028e4c','1b51e8c0-d897-448c-9c01-9decf50b9353',1639697796718,1649242641696),
	('7b1ffdd5-7cf9-4d00-b718-dc2670eb1fd7','dfcb71a2-e3b2-4753-b7af-b49a29862d29',1623073372113,1645445836968),
	('7b2af1b2-0b46-42be-b05f-26c4da7765ae','ae4ad618-4901-4126-92d9-9e0473cd7507',1627979062611,1657000702225),
	('7b4f323d-13d0-4e98-b23c-14028ce2d3cf','7cea43f1-7d58-4e6b-91fc-4f3e7da74dc7',1637679681027,1656381989739),
	('7c0c4897-526a-42b9-b84d-b860ef8dcb14','f61f5492-d9df-4f36-a30b-2fecc7b33812',1637062542346,1664582798777),
	('7c56d8a0-ff61-4913-b1c1-0a5dff8ccafa','573530c7-7573-48b5-8cf1-947037a96b45',1641651872988,1650221528762),
	('7cb8c358-ab85-4dec-9009-fa87e4d91460','6bd097a5-c100-47df-9a15-0cc0f0ee6295',1623665468663,1657655928370),
	('7cf31cc1-30e7-4845-a4db-3d288b7d9169','bd7a57ee-e575-4264-b3ae-9d5cc9990762',1643327970289,1658939030861),
	('7d007050-1748-40f2-962e-1d5d57babf9c','2c1188e5-345c-4622-a199-c547099ce886',1612053694387,1654461525178),
	('7e5919a9-74ed-4234-b7c6-a50885123276','f2e5dbbb-9c74-478a-918a-e47b5c2c8890',1632348223121,1654177827972),
	('7f59c511-6df0-48a6-b321-d9ef1f09cac6','0c4fe586-7fa7-468d-a8a9-2f59800af9ae',1612645327939,1669375900242),
	('8043ea21-2fb2-4793-ba14-b80caeb34671','38b6ab56-cbcb-4444-95eb-cd4d5133c361',1619788233948,1670019183100),
	('80560233-7f19-4e86-a788-014a91720f9c','60eed726-e624-4ab7-9c16-91f49090b091',1622502976714,1654615247151),
	('80cf3e52-eaf4-45e3-856c-6f77b9f00854','a1aa9f8e-e5df-4580-b885-7c6168942152',1641140844252,1666103865930),
	('8197b48b-d850-482c-bfe9-138c23de0bdc','77a945c1-bcc6-40fb-8301-7c7705a740f2',1613822450181,1666860580573),
	('82f06e27-7bb9-47d1-82dc-fe935c837ca3','00086525-cfc2-4ebf-b122-867c07c45d66',1636183126684,1663853519462),
	('82f97996-f0cc-44c7-bdcc-74675621778a','523ee92f-7cbb-4d53-b4ec-b3f67578ecd4',1617594934598,1665751086713),
	('83ad78fc-12a7-4192-b8d8-5727e6ab31fc','84aa4693-74cc-4d9d-9e73-110f94afae4c',1624477744079,1673158924874),
	('85e7d81f-92ec-42b9-8c2d-859968e23e57','fb3e691d-a65c-49d7-a26f-43497035145c',1643324251028,1661648810598),
	('86f4715d-8546-4860-9550-fc2fe819b8d8','af384dec-b584-46fc-91da-cbd5304b0338',1620073758353,1656543450675),
	('88473cca-28ea-4eba-99eb-e09925e4752c','d65a01a6-f09f-4967-9c0e-7f8a74545e53',1616344540580,1652809033703),
	('886e0d6c-d7bd-402d-b68d-e9ad4e5cdea7','9d92ef80-422d-4d35-ad95-223a58f4ef89',1619654338008,1664205391413),
	('8969cf3f-640f-49b1-8f8a-9780b558d342','fb50fbc7-34c7-46d3-85e5-39c4802175c8',1639950464579,1670356525376),
	('89a52918-de6a-4547-80b9-8c3de7e0ad8a','c0c026f2-1e8a-4e94-9a85-b357e512232e',1622397622863,1674571368326),
	('89b36edb-0ede-431a-a8a9-c3561aea48a6','7b898aab-ed37-4466-a3b1-6d830e4a5d40',1616518473344,1667704922933),
	('8a1906a8-54a4-4adf-99e4-f4d8cd283127','e059dda1-852b-4444-9c22-2d1d7e66c4f1',1626092961432,1664022676547),
	('8a5e521a-312e-4296-8972-b4414eefce0d','4605e2e0-69a8-489d-801c-c6ed3e646095',1638709698138,1648605384738),
	('8a600179-04ff-4666-bf27-d99c619b83f4','170e5398-4caa-4318-b038-b35b877bb9e7',1635483442723,1673075513056),
	('8b0fd29a-cd2e-488c-8365-d943db66607f','26b1a4d7-b5d0-462c-8418-08267f41be59',1636922685202,1668413068103),
	('8be291a2-ff37-417a-bd0e-ce807aec021d','6673e2c6-7812-4421-b377-01c0b85d667e',1627529986693,1662870939018),
	('8c5f723c-516c-473b-9d28-9bb0e656abf6','ddafcc13-76c6-4471-80a9-ccaeda954e50',1626787672882,1666878654016),
	('8c8e927f-f2d2-4709-a0bc-55c7f00d10a7','63ce0e5a-d8bc-41a5-a74b-5c92b69b8451',1612834060547,1660843365445),
	('8ca65a32-0332-42dd-8c48-d63e447c169d','c2075009-f772-4394-ba87-e3c8e41c25b7',1636634941096,1656230596987),
	('8dd31d7b-f064-432a-bfbf-bb8374554290','c8eb90af-3db7-478b-a5be-d1cc2e6e53a2',1636796552977,1655160857379),
	('8e43ae2a-e9bf-4627-866a-e4084bdb4e14','0094a50c-26a0-4e1d-b3b9-e6bed64028fe',1619848013561,1658001306910),
	('8f0a0ab2-032f-4325-aace-1fc14a910d9e','70ebea82-ab4d-41f5-aa73-451c7a7629f8',1635983487371,1665794585767),
	('8fcd8b20-6e89-4f4c-bb2e-b01059c8b2bc','491c8d1c-1551-4005-965b-db2660c92048',1622361023974,1649150109823),
	('8fd77c7a-9482-4abc-b111-670c67759c48','828afa17-a940-41c3-ad16-4a89221e2e86',1642515416310,1665016311056),
	('91601216-54e9-438a-8f01-e60b7bcab903','62b0a01c-dfb0-435f-9b8b-6c8f71fa2620',1625201367483,1651817788346),
	('926c1424-6569-41f3-a505-90130b38b355','82d20b8b-17f9-43ad-81c3-7caea9d1cae3',1626714299533,1669294133245),
	('93eaef01-7f45-44b0-95fc-6bcfda8660de','e65eb0b6-2263-49db-b05f-e5fc56efe4a4',1631275251407,1667935962247),
	('94243202-9d14-4a3b-b524-161eb3444523','9d9d51e2-5a85-45ed-85ed-103f9121202c',1614332556749,1653673484635),
	('94ac5d3a-0de6-421e-a0af-00b197e4e2dc','e6569018-9684-40a6-b0c6-7806472e9955',1641332153608,1644131484030),
	('94ec2fda-0141-4e3a-852e-dabd114804c3','61a12c35-e448-4623-8a85-cd593f343393',1634631598571,1665827359962),
	('952900a4-597c-4d01-8ea0-0f962aec2037','2c4b3729-df6f-473d-86f6-90a2462ba206',1630313146854,1649195042384),
	('957ef43b-dbd7-4473-a7b1-c369693ae089','9f94fd0f-83c3-43e6-9abd-0d21f79f731b',1620029838781,1666481456965),
	('960b320a-57b8-4c11-aec9-a42f821dab9d','e0727b04-b892-4f25-becc-c3634615b4fd',1615589752065,1661674115236),
	('9753e6b3-cbe5-45fd-a50f-d628a6afb2da','2b09dfe9-cec3-41b9-bf1e-f1e6af811890',1643424372020,1674697541537),
	('976cc321-1a70-46bd-b4b5-4d7194ab59c2','bf49971a-c570-44df-a787-bce88268caa8',1639686585130,1649974807528),
	('97e6dd59-9f8e-43c5-8b59-7d2d874369c0','1c6b483f-e173-41d2-8cc0-166cf7f56ced',1618065272811,1655335505257),
	('98aaee7e-7d85-40d0-96dd-2bfebbf82f27','9db3a052-9f0e-4b53-ae3d-295110a9730f',1634135020957,1664196982184),
	('993b6c88-fd20-4cfb-86bb-262053642c79','9f8934f0-a094-4159-af05-c5519c040ee5',1619359962899,1667457272613),
	('9951ce77-577b-4a43-9ef2-9eca3cd219da','ac85751a-7b63-40da-b959-edbd1be2c166',1642719461933,1654494548803),
	('9a9d48bd-4e6f-4ee3-8ef3-389aaba66121','9c9317e1-f5cc-4d6e-8913-09a0ce482975',1638849326699,1654109457912),
	('9ae50e3d-c0a4-4d65-858b-a25558ae374d','9d77166b-ab7a-40a1-87e7-5860219861d9',1634426369873,1670466538287),
	('9becce94-7e86-4a50-ac8e-0593c8d39352','170e3f73-27a1-4c35-867a-b872e15334ea',1619502116481,1658241020425),
	('9c7006ca-6b04-4169-ac4b-d878f6947613','8cb49002-9f2f-467c-98fe-74bbbb284fab',1623621716276,1671577548856),
	('9d35ab1d-8adc-47ab-9088-cc77a969d485','acbd9f17-f042-4930-820c-03086adab914',1620891221059,1645937287553),
	('9d839799-e502-430b-b2ef-5e843c6f9bc1','8e384eff-cfea-4876-9bb5-1839d30fe09d',1626200790348,1644778691754),
	('9e12f36c-54fc-4eb9-8b62-d8537cd80842','ea5fb72d-1126-4c9d-b469-d3143db02c2a',1638110319658,1644004732791),
	('9e1520db-9306-4906-9dee-972465e0dd3f','4eb085b0-ed9c-441a-beb1-7de90b9bac9d',1628765759166,1667199322598),
	('9f58fbd5-6e05-471a-bfc8-b95e9412578f','514cee6d-2afc-4ed5-975f-936e9a0e04bb',1637287014196,1672166557170),
	('a03840be-6c86-48b2-8275-44b7e99db689','9d168b62-d374-4249-a60d-6411374d976d',1629399126598,1652976418798),
	('a0ba2a62-69ea-4f73-a7cc-f07ae30ab5b3','6d35dcfa-8f55-4735-9ebe-0c98c1c1c208',1636121871967,1663508648501),
	('a214c44e-22a6-490d-9ec5-6948bd2b8f54','c6367832-685c-491c-a5cf-afc4a8e12bdd',1639675075387,1661354138752),
	('a220353b-b7c5-4f48-9187-4634a4e1221b','c412958e-5427-481a-8db1-3d7dd35d23f0',1611993805311,1656926483562),
	('a2b815f3-1368-464c-9de7-5c14bc22bf5e','c97a511a-d9a1-449f-add1-e16c5c2838ef',1634426135512,1669796148698),
	('a2f5b517-fc6f-4ba5-938f-04796714b58c','61e65813-8c7c-4ae4-85eb-9e4d41fdfb5b',1627068254373,1646358513707),
	('a3167247-66fd-41a5-b513-e57d04e14618','1c766818-997c-4a01-a141-71868275cc67',1633795562541,1666913451459),
	('a377d020-bf7f-4ca3-84b5-148947e3df53','d8541f03-27f8-40d1-8f49-240fa3b7a33e',1633229499961,1654473508497),
	('a3b43a09-f958-42f0-97bb-942515eca723','d9c67258-e3dc-4d3b-9ae5-7124113160f9',1617540137596,1649782232700),
	('a3f49b18-b25a-47dd-b803-ae21e9375088','633739fd-7595-4846-85ed-f5e512ec35e2',1628723953560,1645643587782),
	('a405c0f8-05c1-48a0-bf5c-13aecb183a06','21804988-f6b2-4708-af62-e8f9eeaef800',1628382302029,1668726036567),
	('a44f034c-41e2-4748-93cb-47a142ced4dd','da646ff4-5d7c-487b-80e9-77f3546d1769',1615294164382,1650357449071),
	('a55f500f-db56-4154-a374-bb30d99d796b','8506e334-1060-4de8-8293-4d6f014fdae7',1642595417678,1665390903476),
	('a5b41d30-d3e5-465d-8227-fd6913c6ab86','190a3472-127f-4a04-8096-542c89cbe2ea',1638748112823,1643980842148),
	('a83a5ae0-a970-4a98-9c31-e313ecb0a010','c64ffad0-25c1-4fee-9b5d-0009fca02a5c',1618658057602,1644513287322),
	('a98cb09a-3144-4bb4-a47e-0fc503a09b36','fc1cfd54-42db-440b-84b1-55a0660cd65a',1621412430760,1659696723369),
	('a9b1dbab-3c87-40a1-b230-479d7d0b3609','f90a1f76-055f-4478-a12b-65fd29f9be85',1628803618638,1670600727902),
	('ab672308-0486-4492-9725-65197d4070bc','8d850d85-d24b-4022-adf5-47a5d38f9441',1640512425010,1672047341706),
	('ac41d985-75d4-4ce5-9532-c0686aa3e4d9','6057a2fb-b48f-4046-8f0c-6b6e31c96354',1628192197159,1662789275259),
	('ae47c44c-cff2-47fa-94e7-5d928c918a5a','bd299de3-9920-4e40-b08c-bd2fb18e915a',1637319701113,1669638003520),
	('af05c718-2494-4f21-ac98-7159ed81eb63','ea7d1012-d1f3-487f-831c-f0d1a9597932',1622782141840,1646805372894),
	('b013c0cb-00dd-4ab6-9e7b-2fc13e328ce5','4e7362e3-b513-418a-af79-dc40b8ab5ffd',1623352993823,1651858605655),
	('b01458a6-f2f9-48a3-9c87-33b191b48823','2659210d-0161-4ee2-8e78-e09128f21909',1617295052186,1654904679136),
	('b023ae54-ff26-4bb2-8c46-fd792fe1474a','db4944a6-b422-41ce-9803-38fd6bc90dfd',1621179623079,1669044215092),
	('b154c1f6-6951-4727-9495-0da235ff691f','427734fc-4359-4607-8235-e2c6be1a6530',1621449240445,1653377744540),
	('b1e55b1b-a5fa-4b68-b1c3-0387f1598df1','ad73fa79-7bee-4302-ba00-4963e0b03e45',1621297361421,1663356695748),
	('b3b3caf2-5633-43ac-8638-cb2f10052feb','34a186c8-cd33-4913-9a3a-5d9aa38f3ce7',1630467016710,1671648248776),
	('b480c9b6-8d64-4aec-809e-3ede8c64c165','e6588e3e-6ebf-41b4-bbea-c9d7fa77a8a9',1616104058503,1671272781139),
	('b5153c5c-7103-42ee-8f10-9bc0b4664c8f','b11cbb07-f838-4381-9d64-fa080869eff4',1627862328042,1665616147524),
	('b58a70c2-8339-4762-90ea-4a112bbf704f','3191331c-e6c8-4713-aa7d-f714be6abfea',1626067588289,1672683588396),
	('b5ea3995-f30b-4f1c-ba5b-4c537e267a9b','da10eb35-880d-4cd9-bdd2-c1af32248efe',1636548417803,1670862194435),
	('b686d15a-1f63-40bc-a884-463256c70b44','76b8d284-72f1-4837-94bb-393fc42cadf3',1623805748052,1659437941121),
	('b700323c-4130-4747-8111-09fe13a2e405','e8126e9b-94bd-45c5-99f2-2f0165d0767e',1620524991008,1669511039784),
	('b73c5c17-12d6-4c45-84b2-b060e6614b9a','d2a24f81-158a-44a5-bf8a-5b7851c94f56',1637093480747,1655301241212),
	('b76b58ab-142e-4796-8d78-84fa83f4dce3','b2d839aa-aff3-4ae2-97d3-7c3a81a8357d',1631949436561,1644018028733),
	('b7a59d53-7e60-48ef-a678-041ed6a7d7f2','3656b87b-f49f-40e3-ba48-16f02fec9c26',1621157838899,1666160387381),
	('b8e28301-acdb-49c2-a831-4b0b9c5ffa4d','d441f4b0-258f-463e-8dc0-afe823e52634',1614629699068,1644296612061),
	('ba88ed67-a0b5-453e-927e-ae13a7f42705','8552bb75-2f3b-4acd-a5be-f64f6f3af5af',1629537444584,1659244912534),
	('bb9a6cea-f11d-4bcf-b11d-79fa58b9d995','4ef21ac1-68bc-445f-b6dd-22703153d658',1622378328826,1674287744486),
	('bc8a4cf9-3d78-4434-a61c-2f9211801279','5b8e38fc-091c-4984-a2bf-7b59ef0c7941',1637771572139,1665518975759),
	('bcfcdcc5-197e-46c3-9318-b46278ad0000','e1bc7c4c-709b-4467-882d-33c74fd80d81',1615661351130,1653174839146),
	('bd89893c-52e9-4179-b87a-c62d0e4e8643','b6729138-9a0d-4f4c-9e54-7780dc30b305',1618816183781,1671176604175),
	('bea4aed8-2b5f-4a4d-8c84-125fcf357252','d3eb368c-e398-436a-b125-c77e9a51e086',1627524849591,1645496501801),
	('bea77a0a-3395-4e2b-8ac9-dede077a4236','c891caf1-d577-4bd7-ac43-35b0acd4a1ad',1632644115361,1661421079995),
	('bfc4349a-6522-46eb-9215-4aef38e6dea5','b260c8ad-c742-4f6a-bad6-fa76d2d6e068',1613350436378,1668096938650),
	('bfc67114-c6ff-4f97-a510-1c1b44abddcb','3d27f9fb-b339-4d31-90f9-93e0018829cb',1636098529944,1644899677066),
	('bfca6e53-a6f1-4c77-8924-b17e0d6bf916','b45d7e53-94a2-405f-a47c-1f7b9a51fe6a',1631045548872,1663490464088),
	('c030a22e-a551-47b6-b432-b4621b532d53','448b264a-0294-4c06-95e0-7d1550c16f32',1633801931331,1654265555306),
	('c15c2394-6281-4d6d-bf98-3f8032f72c14','0a7eb031-bafb-4174-b5ef-62df4fb7eb9f',1637349583760,1648812555538),
	('c2930570-6b86-4985-ab96-3545787b6c63','66fcfc23-6f65-466a-b2eb-8032d76188ad',1619624366510,1643666458386),
	('c2a7ce9b-ccb0-4c8c-8f4b-e2c6d1624a3e','18fc8c39-2f3f-4804-88c2-a3da7e8d91dd',1618172672669,1667020915262),
	('c2f86d07-140e-47a3-8912-27f59d5d238c','4563cebe-df16-4608-9fe0-a3b2d220adbf',1613690563448,1649751033704),
	('c30bcf52-1f3c-423f-b825-e5828c887306','85512345-4aec-4fb2-a158-2c87d5631d88',1621748320886,1648898928120),
	('c3936db3-64c7-4820-a5e7-ab3094d0e6f9','e628ea60-e3cd-4c31-9c18-f96953c2236a',1643024924543,1668093189392),
	('c3f374f9-5000-4ec6-8a82-2ec244066467','c0e033c0-5900-4292-99f1-9b33c1f9b38a',1637214802968,1650221180332),
	('c3f5b596-eb23-4749-98f1-d4989e21b865','e2e0ab3d-c4a9-410e-89bf-f3c599412b9d',1630875749277,1665027647758),
	('c4d1a413-a077-4ff3-9a1a-9468fd9aa181','582ecc59-4bdd-4c13-952e-63f897e4df35',1632041688380,1668341469790),
	('c54859d8-bff9-41de-bcca-a29f263d0c71','9d80ade3-b895-4d77-9b14-c4efda24fd4b',1630108752510,1644435345278),
	('c55af14b-ea17-414e-b28f-a2117c187298','1b5c21af-facf-4968-9d3d-efbfe73e0e6d',1638097935964,1647427901650),
	('c6903be8-9b11-417a-8a99-9a5c4bd56c76','af61dc1e-001e-4f9d-b2ac-8ec09b0b349b',1637021867342,1672564775400),
	('c6a0bed3-a081-4f8d-8853-7f6382f78934','bbacf458-dcd1-41bb-96eb-ce1b01bec966',1613460413520,1652209440112),
	('c6a79a99-d1d9-4cd6-9785-5a5ac66b5c01','386ba086-3ec6-4461-8ab0-7120f5032ae8',1619350368533,1663407037333),
	('c7685653-4bc5-4646-83b3-b50bf5f4e191','d28fbc1c-1caa-47ff-92f3-02def7d08a03',1631202825543,1669111370031),
	('c8616a33-4a6b-46e6-ae78-3d7cf741c6df','5f722dae-2ee2-49cf-8214-2f1db7e071c1',1629793018877,1644352039425),
	('c88966cb-58b6-4071-9568-dee32a04a3fd','b8eec327-4722-41a4-ae8e-7fccf35d0932',1619138393798,1648864076221),
	('c8e106c0-c8e5-4060-b084-0173ed9928f8','4981e119-21a3-4d95-b2f5-b4b6d8fc1268',1626885092474,1646682015411),
	('c9b102b5-aaef-4e0b-9fdd-5f53ff215ffb','edc1b9e3-2444-49aa-b84a-29ef6f1ec337',1631855748202,1670687197660),
	('cae97194-fbc6-464d-87d0-87eb042081a7','27cb409f-a25c-44d9-a178-8db790bd457c',1643296892528,1669792170127),
	('cb54ac91-fc77-4520-bc5e-19c832f9c132','8af1debc-8644-44c0-b982-718869711ed4',1613157671601,1667901448657),
	('cb899063-d321-4691-aa7e-f24fa840dfd5','9778fb2e-7421-44f6-87d7-ef667c9a6c86',1612598954431,1662556442677),
	('cbba7628-1eb0-4933-943a-ec0229b51649','bd927129-656a-41a8-b75b-454f74bd108c',1613823509397,1645600364198),
	('cc250bce-b8d7-404f-91b8-d264a4b39509','367cf0a3-29e4-40e6-a6b4-72baa113519b',1628765866019,1646277061956),
	('cce3de08-3838-4228-84f7-e1e3d19eb347','cd80e0e8-a8eb-4c93-8c3f-a53ca841ed5b',1631539825967,1666596429460),
	('cd15845e-bfa1-4d47-9d6a-75acd9c88bf3','3ed0d888-2d1a-4f28-9cb6-ac177d1fc369',1623467759341,1653519922673),
	('ce3a433e-2369-4a54-b085-408de39e4d93','6751bef8-7c8e-4b5a-a3c6-5fdf89da6e7b',1627431609212,1660963676613),
	('cf8a2cb0-7100-48dc-82b5-415237876933','06a07de4-77a2-4dec-97dc-452447bd5e90',1633439031815,1672666337135),
	('d0071b7d-ce34-44c5-8594-83f0f88640a6','75a18b0a-4e53-460f-8887-d0663cf48522',1612427945000,1667085714251),
	('d0140358-a6dd-4380-a4bd-197df765b695','06088ac3-7c40-4be8-b325-0dabe6e19937',1636015438276,1651513751308),
	('d1480b1a-fecd-420b-ac7e-6bc894400483','90d9ea3b-b743-48eb-bd6e-fe9ca2069954',1641552563492,1669991654837),
	('d1bb1cca-01c8-44e1-9240-d248258b35db','15e7b3d5-106c-4ad7-95e2-634bcae064d3',1614716172024,1661889564555),
	('d2461de0-3f31-4884-a37c-b64eb8ffc3a9','cd074987-1f3e-48bb-a5bd-622970a3e2e1',1628990851162,1666167805427),
	('d367de8f-835a-4a3d-9355-bfe9dfd82964','8b1fc6b2-f05b-4b8d-9c3e-f3571dd56c96',1627752307953,1672971798512),
	('d429072f-61b8-4a45-9a00-569ed73d009d','f8c2d928-9413-42d4-8793-a69890c8b861',1635470278679,1664348602034),
	('d46e7698-d106-46ca-afe0-3e69830766b6','c9498aea-f35a-4205-872d-8ad071226995',1633760125358,1659590237649),
	('d5d40d93-65df-406d-82cc-9b94b8cc5836','45fd5458-b176-4da2-aefe-5ebdb208a8d2',1641716805158,1646892027742),
	('d656cb00-1836-47cc-ab4f-73be9bb3837c','30ebd702-a27e-4dd9-9615-f92654e994bf',1617276905742,1668246315465),
	('d75dbcd1-1aa5-4a79-a0f1-97a36dd5ec6f','0f598acc-aa95-482b-b8da-97c2f23a1e17',1621805395487,1660704491719),
	('d777e21a-b260-48d8-af76-0abcf487f81d','c3f77b2d-fa0e-4547-a4e7-5a966f0816e0',1624031009084,1661932363427),
	('d79a8b06-0a9b-4441-b272-a0e9f25d8cb3','3c6b9149-6d9a-4eaf-9ddc-3377f724fa77',1636106775712,1657206519157),
	('d84c5740-ab3c-446e-a968-d374411f2de5','f2c1c2f4-0a12-4661-9caa-2ea32b2a6eaf',1641124417998,1644272350205),
	('d87bf842-deaa-4a85-822a-e0c52e076c76','5bf1f603-4737-42a9-94b1-d608763d56a3',1634032242650,1653905604394),
	('d8c7792e-20e8-4b9d-9995-0067d2403ecd','bbffc399-9786-49b9-b636-976cadb23e8f',1635013198134,1672148822054),
	('d90a1e19-5ea8-4cff-843b-78d2a8d2946e','bcc3c441-ea7d-44c7-a5c9-1ab18bc5f6f8',1616755036457,1645880167736),
	('d9a1f3b4-7da8-484c-b83a-cb955be79121','8d99122c-e705-4412-b374-6276de25fb7f',1621492690606,1649128854375),
	('da5c30bc-c77c-4cb1-b5ac-1774a8700c0f','0caaa816-62c4-4274-b108-0c1db31c71b3',1641487443706,1672572447454),
	('da9e4a6b-bd69-49dc-8ec9-fc620c9eee8c','55dcce4e-19f4-4d15-8824-a3e3345af078',1643490919985,1654978746637),
	('dac8a6b3-1a9d-4e39-8995-775f8f8e23ce','3ae6aef3-2f4f-4e02-86b7-de941d48c87a',1627834824285,1658147814717),
	('db335460-b3c1-42a0-987d-464328ded723','3cbc91d0-8c44-42ed-8670-f0143df3d55d',1623840004877,1647266611993),
	('dba7d238-85cd-41d1-b4f9-023bac3019bb','eb5b9311-3775-41a6-9f6b-0cf2347b74a1',1612975394838,1651782503341),
	('dd093297-36a1-4f0a-8b3f-3916382853eb','aa14d245-2e20-4c55-b2a3-9479bbed2aff',1635826445905,1672693277875),
	('dde2463c-0109-471b-a793-92d4635564b7','5752b6bb-dafa-4b74-9d9c-f182343862bf',1641905602363,1648372613601),
	('de657c9c-5616-4fe4-8d73-afc5e0a7ff81','1e7767d6-f884-4a06-9e14-1ef806763647',1643411553695,1674280816335),
	('df33c59b-838b-4d36-9127-415fe1f88bec','31c5cc0f-2423-46f2-ab61-3d9013ed3c8c',1641845095831,1644795792843),
	('df9b364c-e3ef-4230-8530-111c0cadee91','43dc2f00-3805-4722-8b23-a3fdb5625eb8',1643330186270,1671916533738),
	('e022d422-d6a0-4074-b88a-0b592729223b','60b3a96a-d1f5-4165-b55d-48c59f57b5c7',1627569164237,1657565947157),
	('e08ef1ab-5ed0-4cbe-9381-e20475d9e6d2','5b5ac0b7-af48-45b7-bb5e-4f8b1af0e7d6',1628217558756,1664931140391),
	('e0a6545d-8701-4ee0-8b61-17efe88f4bd0','8ceb7f18-1f25-48a1-964e-2a2c6c179b64',1631396732941,1653940287884),
	('e31f9de8-9c64-4d5d-b386-f7311ac75a34','ce4decb8-5c82-486f-b99a-ca891fdde5e1',1632643375449,1650706036377),
	('e3896caa-83a7-4d25-97cd-e6f73ce5c6af','8a38544d-fa26-45bd-b029-bbebc73faff5',1623451869615,1655120696261),
	('e41129af-2a9e-43bd-b6b1-769642898d74','7c87e7bc-c1f4-4712-b2e1-2e49cad4dd22',1639508248881,1659760741648),
	('e4d44974-21cd-4745-8b57-7d2744866b45','7069e624-e44c-4374-b712-0c7e8527e8fa',1637617614481,1658442136643),
	('e55bf618-effa-45fd-a5e4-4894d01a4812','22104f9d-6a8c-410a-abdd-a27a84fe7e89',1633352408252,1662152401265),
	('e5954c20-8ffd-4fba-a276-5e474827e17d','eceea6e9-3cd1-4a95-a20c-670571670d7d',1612532038093,1672525371945),
	('e5de936f-26bb-4bb9-a3a9-22eade579219','9f0643f3-574e-42e8-b62e-91594140f6ca',1615132609578,1643771386231),
	('e5e19ad9-80d1-4417-89d1-73a3c2e4f7d5','6734e391-98a7-4cbc-99dd-a0bf4e916e2e',1630250946090,1667043132024),
	('e6a739dd-e3ce-4645-8f74-21d8cc89a5eb','c88766da-50a3-4914-946a-7728b3fd80a3',1622397963832,1674410059254),
	('e714f2bb-cb22-4249-a063-42a6c8ea4c8a','aa14bea7-7550-4aea-8ab3-b71bc2ef8853',1637134003937,1662529861320),
	('e783a7ea-e412-45ae-9860-aa08a0e58289','f3af746d-de99-4c83-bf82-fc248350d5b1',1613363131018,1645811301405),
	('e7979bfe-184f-4217-9eef-2b25141f44fe','7576717e-437d-47d9-bb8e-b78831b014e6',1632230055805,1660743260903),
	('e7c168e8-1c46-4b24-8516-eca6767bcfa0','a67b0827-b4c4-4d7d-bc1a-9a1f0ee1c718',1628512627508,1661039758610),
	('e8107900-980d-42ca-8cf6-59eb1276b2ad','b67f67f4-493a-43cb-abca-36eb0d78039d',1624367644158,1660960924049),
	('e81c9dff-4f27-4027-bb6c-e5c7c61e2038','b1d9565f-23dc-4725-ab2c-e823b8c80f4e',1639577114687,1674440855178),
	('e84756f7-16ca-48b3-9750-a804f0da11e6','eecd223b-e8c1-43a9-ac77-741e54e622e5',1631351024713,1644817014060),
	('e8aad296-120b-42e2-a107-9f3e3b37dce0','c088d8d0-952f-4df5-af6b-50ab847bf33c',1631701482893,1647670226652),
	('e8d2c56f-d747-429d-9fee-3d7c86188317','161e4bb2-9c34-4a56-97f3-ecaef3282641',1641155770089,1648378198820),
	('e9b6b223-1dc0-4de9-a755-e9e25dd8486b','385ac130-9138-42f5-af52-d5149572717a',1625170867625,1667667689585),
	('ea4ece32-5e20-4f62-8f05-8960e1dfcc6a','73e54409-d5c4-49ae-b9b3-50af875a511c',1616317452038,1644176284323),
	('eb9ea0d4-df49-4226-906c-9d82b9681d7a','ef0ad527-4cb5-4a3d-8f37-e4eff980f2bf',1640965506184,1654168817375),
	('ebc70e93-d492-4b6a-9b64-16fa4c08f08f','d0d2b4a7-a933-4fc0-b820-5e2b7d583bd4',1626348390701,1671392774305),
	('ebf76d7c-0a9f-4331-84dd-d81f1a639a6b','027d45c5-dbc9-4a83-92d8-1ca2550c33c5',1621771519622,1644672608765),
	('ebf8f881-7a12-4f61-bda5-a071e26a9971','8acd9812-b9c3-40f3-abc2-80a92d8a2fb7',1619878480121,1645186623210),
	('ed54d151-3a69-41a9-be13-0feecd677d3a','ab44d2f5-5438-4a16-8195-47d7d54d6c43',1633843491630,1666585568296),
	('edc7c8b4-3ae5-45b6-a093-9335a5cc1580','083a2755-fd4e-4053-8f8e-82b6db28b97c',1623701654232,1644337600985),
	('ef0ec9e8-d47b-4d02-9bbb-2064135f1bdf','ad494933-fe9b-4438-b497-317d0b93c1d4',1638199476130,1664946179337),
	('f018329b-903b-49dc-a4b0-8e74fcc913b0','49cb50e8-c50c-43ba-b437-320c018f5f6f',1618218247472,1651460280715),
	('f04d5f57-316d-4443-a0cc-2adf980f2653','a5f5e8e1-00fb-4ab4-abb8-a5b78248c929',1629259599625,1660158044058),
	('f0e5a7e1-7cfe-46eb-9394-bb95fe6afe18','a599e390-e544-4c82-870f-ea4bc59aae5c',1612227419999,1654033746392),
	('f2ce8030-8bdc-4f79-9b50-f09bcf5ad86b','e83f2ae5-e237-486c-94c6-2ef1d1086d04',1627979082335,1672360774989),
	('f2deee30-ceee-4a44-a5f6-c1b47fbbaa43','da4ceef8-516e-4610-bea3-77191ccf5478',1625039517247,1650868050260),
	('f3e6f32e-06e8-48c3-895a-38d8d6f59e49','ab22eff6-6b6b-4f4f-a8a7-ed37f0505832',1615657614564,1658734192892),
	('f4d6f8c8-ee5f-4549-a454-8d2818419679','79ea4a2e-b8e2-4989-9da0-7c1e1fe30bb1',1635404348885,1657910731208),
	('f4dbe8b9-1888-472a-8550-0a60a1b20128','73edb71b-cc5c-4e17-b050-3c588ca7dd89',1630801310765,1659121273611),
	('f4de2c48-6c89-453c-ac7a-0deec609ff38','b1d6b63d-12be-47b1-81c5-d8c0e0461aab',1612354758394,1661120577564),
	('f5fe2e2b-b789-48be-b4e3-bb3f5ac353e1','a6d8bc5c-110d-4427-b9da-a3dbe974eec6',1635023752061,1650040094724),
	('f6137f9d-20d6-4f20-9a1c-9b88318ec255','fc4d0cdf-69af-4daf-9ac6-2c94a64ac724',1615487761789,1650677553430),
	('f72602f7-05b2-4773-9f9e-dae6cecb7aeb','2cef2372-d617-4e59-90b7-6e4375ba93a5',1625924808478,1651743791385),
	('f7e59707-835b-45c0-93d5-c728cc6ef2b4','b7c1217b-19f8-4238-a3eb-0e606b81505f',1614286326711,1664951553673),
	('f85270d8-7643-4d47-9ad2-81cb7ee50e7a','746ab7cd-90e9-4b53-95d4-c46f229ff98f',1631109705864,1664669985255),
	('f8cc3b49-4f32-4040-ad83-518fcf7b4d2d','3f007791-b267-478e-9f82-ab0f841f8cbb',1634961400566,1663075551042),
	('f9793662-2c9c-46d9-95a9-b1a44021958f','8ec1a593-5a1e-456f-b5d2-bf1923bb3a7e',1642206904612,1649649723899),
	('f99d51a9-800d-437e-a7e7-570beb97e8f8','f6077d66-6881-4ed2-afdc-c133a82a3414',1636548728386,1646818036360),
	('f9bfcedc-66a8-4c9b-8c30-92b77d152b7c','8af3770e-908c-4ead-ba3c-55a479b34ee2',1620383293425,1651247417361),
	('fa0615f7-36bc-4296-937b-cf0084410357','d066a3d2-03d2-4021-a8b7-4d492a2695b3',1629242710395,1652171616755),
	('fa315e89-c1e3-47a7-874c-0bcc40ff0fb8','460811d1-acf5-44f3-acff-61f584e14587',1628364481770,1650897494894),
	('fb388ee5-5ba1-4306-920c-f1c743e71192','b3ead548-0139-46cc-b572-149499a9c6db',1632020009718,1673266790962),
	('fbbffa14-5479-4192-a6c4-1147f1f0f12d','5ffd0aa6-2182-4778-bebc-ea244e29971e',1614956734954,1666829023319),
	('fbd87184-767e-41cd-bbe7-989616212ccf','273c4f3c-1a14-420f-bdf9-c7ce5996a154',1627581452687,1648572896802),
	('fbedb1ca-0cc9-4c5c-b7f6-96d11d5ecd4b','c0b93f19-9454-42ed-a755-a606ecaa63ff',1617904059947,1671051842885),
	('fbf963e0-5e79-46c4-be1a-b9f62cd6a35f','dcf8e4f1-107a-4588-85ab-cddaadc7455c',1626311328816,1643651681917),
	('fd8c4110-81ac-48ce-9550-48e4a347e36e','09bd8268-0af0-45ad-8014-c674b22d9a44',1625808130417,1666804497695),
	('ff319ba7-e13e-4fe1-b385-1794f501f1bb','034434b5-8a21-4c27-b613-07ebf9feee5f',1624099665519,1663215209909),
	('ffb63f0d-c23d-4be7-a481-bf5a13afbcad','5b7ef882-6684-4d79-8385-3c7e7f5af466',1622327068185,1651958620948),
	('ffbdb48d-ab6d-4031-bd28-c1a0dbd1a9fc','c6e44cd2-d9f1-4a61-8351-352ab8a64917',1626963988420,1663907339487),
	('ffdd1b6d-d465-49bd-9d94-ab6eed4e0f29','8375507d-adf2-4abd-b5f9-305e02eebef9',1612397914410,1661417587609);

/*!40000 ALTER TABLE `dept_emp` ENABLE KEYS */;
UNLOCK TABLES;


# Dump of table dept_manager
# ------------------------------------------------------------

DROP TABLE IF EXISTS `dept_manager`;

CREATE TABLE `dept_manager` (
  `dept_no` varchar(36) NOT NULL,
  `emp_no` varchar(36) NOT NULL,
  `from_date` bigint(20) NOT NULL,
  `to_date` bigint(20) NOT NULL,
  PRIMARY KEY (`dept_no`,`emp_no`),
  KEY `fk_dept_manager_emp_no` (`emp_no`),
  CONSTRAINT `fk_dept_manager_dept_no` FOREIGN KEY (`dept_no`) REFERENCES `departments` (`dept_no`),
  CONSTRAINT `fk_dept_manager_emp_no` FOREIGN KEY (`emp_no`) REFERENCES `employees` (`emp_no`)
) ENGINE=InnoDB DEFAULT CHARSET=latin1;

LOCK TABLES `dept_manager` WRITE;
/*!40000 ALTER TABLE `dept_manager` DISABLE KEYS */;

INSERT INTO `dept_manager` (`dept_no`, `emp_no`, `from_date`, `to_date`)
VALUES
	('00086525-cfc2-4ebf-b122-867c07c45d66','82f06e27-7bb9-47d1-82dc-fe935c837ca3',1619696951736,1674876483335),
	('00465f5f-8414-4d20-9ffd-49d0e7d0dd63','1d60d343-bc61-472f-ae09-9f7431c22790',1629065553762,1655989681906),
	('0094a50c-26a0-4e1d-b3b9-e6bed64028fe','8e43ae2a-e9bf-4627-866a-e4084bdb4e14',1633284061690,1644652155227),
	('01a43056-6664-4a0f-9aa9-d1606000b85d','057b859a-e97b-4614-a2d3-896032ac02e6',1635109741812,1650763378987),
	('01e00cae-d9d2-4349-8588-3ec476e509f3','35e2bda3-6db4-4b30-a0b7-0a40f1d52f04',1626606909518,1671508371401),
	('01ed6ea9-acd0-4ee8-b36f-8b59f39a611b','1b256ea4-c96c-4b00-a971-c0d1eab9180a',1617047018900,1668790622118),
	('027d45c5-dbc9-4a83-92d8-1ca2550c33c5','ebf76d7c-0a9f-4331-84dd-d81f1a639a6b',1639708250502,1659771958509),
	('02f91726-5f19-46a2-922e-490f0b40ca88','2e39d002-7fb5-4b58-8e22-81b849d16f1e',1622194274852,1655762978956),
	('034434b5-8a21-4c27-b613-07ebf9feee5f','ff319ba7-e13e-4fe1-b385-1794f501f1bb',1620099572544,1660181290512),
	('040179b3-47c2-4168-bcff-8e7a45a9c048','091fdf03-1384-4506-a486-dba0ab94f0b8',1613350809303,1657590603097),
	('05589c6a-d21b-4852-961a-93ab5ae8f17f','32dfcc0f-b530-43ba-b6a6-96cde446c20d',1631690343677,1645793091750),
	('05dfebab-4549-447e-a6ab-c850a087df59','450a6372-2681-48bc-8f83-32ea13698d99',1614305279558,1645896649523),
	('06088ac3-7c40-4be8-b325-0dabe6e19937','d0140358-a6dd-4380-a4bd-197df765b695',1636723054351,1670811935539),
	('06500396-e71d-4fb6-ab76-c99508402505','127d5a65-ba56-47a8-9506-c0966a306c20',1627668681911,1650319374608),
	('06a07de4-77a2-4dec-97dc-452447bd5e90','cf8a2cb0-7100-48dc-82b5-415237876933',1638218117573,1674427944926),
	('0740fb02-564f-4b68-ab38-7d8c7cee3cad','4ed91868-da4b-4231-9ef1-0a5de27d71f7',1630723094566,1672400545031),
	('078ff3e7-c182-4f72-9224-c5e115d97783','18649932-606f-4222-a8b6-83c96c561b26',1621416556974,1656701869622),
	('07da6e87-7e82-435b-96a8-c5eefd9d4d79','43db978a-e618-423c-92b1-fa1f44da61eb',1632660579709,1657507800868),
	('083a2755-fd4e-4053-8f8e-82b6db28b97c','edc7c8b4-3ae5-45b6-a093-9335a5cc1580',1628784595392,1649578194396),
	('094a4260-0100-40b4-9a05-d91a18030b61','33c168d1-9b57-4c29-9423-913733052df6',1623348945100,1649393148938),
	('09bd8268-0af0-45ad-8014-c674b22d9a44','fd8c4110-81ac-48ce-9550-48e4a347e36e',1613857184815,1674756885018),
	('0a7eb031-bafb-4174-b5ef-62df4fb7eb9f','c15c2394-6281-4d6d-bf98-3f8032f72c14',1630245859550,1673648197580),
	('0ab02b1b-5755-4cb9-a225-7f7a51453645','42b61510-1f74-4913-a731-15c06d69bae7',1639990943853,1655498635264),
	('0bfc55de-f1ad-4bea-991c-6c19d1b70563','16843a12-0780-4253-b515-f2140afcd5bf',1619945296484,1673458141692),
	('0c4fe586-7fa7-468d-a8a9-2f59800af9ae','7f59c511-6df0-48a6-b321-d9ef1f09cac6',1617127691669,1663639189343),
	('0caaa816-62c4-4274-b108-0c1db31c71b3','da5c30bc-c77c-4cb1-b5ac-1774a8700c0f',1633129268883,1668276177216),
	('0e056131-6d9f-494c-a092-e89a0fab1e48','55b84be8-1dad-4f86-8309-47f73b549c4a',1612209265707,1663858977612),
	('0eb70a3b-6ea6-41dc-9f4c-1f4e09c6d057','0fa514cd-5176-44e7-89c5-0061be90acf4',1637588094763,1648590031602),
	('0f598acc-aa95-482b-b8da-97c2f23a1e17','d75dbcd1-1aa5-4a79-a0f1-97a36dd5ec6f',1641135965725,1649587114178),
	('0fcc32df-40c0-471f-86b8-fe161dfc7008','1ef4e91d-1e70-41d4-a97d-3a0f27716961',1639512107618,1659256259663),
	('0fd6d6b1-ec52-42cc-8b29-3fcd5c01a80e','5413c0bd-e3fd-4bc4-9337-4c99d91ef355',1633725870471,1645969150566),
	('10e46ae0-9b3b-439c-a049-eec63cd67fb1','62a131c9-c77d-4ba0-8b64-954c61002f8a',1633679893635,1673906069782),
	('11dddca9-47a2-4bf6-b19e-24f21f55a6eb','68b03a31-eec6-4b21-a868-b5047667cd92',1627823178067,1664872530474),
	('13c6fe15-3044-4a01-98a8-b8ca7db1191d','72ee769e-e521-4524-96e8-9a4fd7263734',1639838857007,1658525874219),
	('14e47a81-cd81-468b-9173-0a5db1fe713f','6bd47d73-e826-428b-8664-31633164d9bb',1613881466985,1665229558699),
	('15338825-a8bc-4854-ac3f-cff852c2a158','609eb25d-9908-434b-80a9-8ca5866424ea',1638664781213,1648406928181),
	('15e7b3d5-106c-4ad7-95e2-634bcae064d3','d1bb1cca-01c8-44e1-9240-d248258b35db',1615828826792,1670400036021),
	('160951f8-d4de-475c-9ed2-b24d7eaee82a','31586798-45ce-49e6-8afb-98d416037b7b',1642419912722,1643906260067),
	('161e4bb2-9c34-4a56-97f3-ecaef3282641','e8d2c56f-d747-429d-9fee-3d7c86188317',1633506110728,1661729314320),
	('1662b561-42b8-4b9d-ab61-9a579a6060e3','5249386d-e21f-4507-b81a-1b85c1c67452',1619212430639,1672739693629),
	('169333a9-6b87-4aa1-8e54-0d907cf000a5','534ba244-2825-424d-bb13-9c659f182c8f',1636335795748,1649420338460),
	('170e3f73-27a1-4c35-867a-b872e15334ea','9becce94-7e86-4a50-ac8e-0593c8d39352',1639812289007,1654744779035),
	('170e5398-4caa-4318-b038-b35b877bb9e7','8a600179-04ff-4666-bf27-d99c619b83f4',1629472917874,1663163514080),
	('18fc8c39-2f3f-4804-88c2-a3da7e8d91dd','c2a7ce9b-ccb0-4c8c-8f4b-e2c6d1624a3e',1634260986618,1670404524928),
	('190a3472-127f-4a04-8096-542c89cbe2ea','a5b41d30-d3e5-465d-8227-fd6913c6ab86',1619481810844,1653493617127),
	('191c3ecd-a131-4114-bf9a-41fa16f814cc','0646b35a-4167-46c6-b5c4-941ee94d0d7a',1616350455775,1670306432202),
	('1973c79a-9bf9-4645-acdd-110e018c4e6e','4f06f37c-7dd7-42b2-8762-ca306f014220',1633490107563,1659707723431),
	('19b2bb68-7b2a-47b9-9169-a48e2e6691e6','42799b69-adf0-4cf5-93a7-f642446cee70',1628362667643,1659941736433),
	('19d4bfad-aa9f-4f6d-8fbe-e1566bd20bd6','46133580-e16a-4d33-911d-f4522e116d86',1632610555083,1654620354385),
	('1a49189c-748b-4277-bd65-0f4bb5b6a0ec','32a31233-529f-4ed7-b826-b2ec48102669',1616899370883,1668270385940),
	('1ad7b927-9785-4202-9932-cdcb671932fe','5741ab7e-9519-4537-b496-f25e4d692291',1634139737423,1657778945768),
	('1b51e8c0-d897-448c-9c01-9decf50b9353','7a39b1a5-3605-4f54-8dcc-5df075028e4c',1622875256309,1658058905454),
	('1b5c21af-facf-4968-9d3d-efbfe73e0e6d','c55af14b-ea17-414e-b28f-a2117c187298',1617569229175,1659266173793),
	('1c6b483f-e173-41d2-8cc0-166cf7f56ced','97e6dd59-9f8e-43c5-8b59-7d2d874369c0',1628170274814,1648000973027),
	('1c766818-997c-4a01-a141-71868275cc67','a3167247-66fd-41a5-b513-e57d04e14618',1620063339758,1665060099786),
	('1e7767d6-f884-4a06-9e14-1ef806763647','de657c9c-5616-4fe4-8d73-afc5e0a7ff81',1630947486323,1646362614246),
	('1f0b506e-79dd-4cfd-87a9-249dff759e16','5cbbe73b-6574-48b3-b39a-3ccc59c125f8',1622287976819,1670426761849),
	('20e4c040-a77c-4cdd-8e3e-53cc092e40ce','3f9b8db0-db1f-446d-8b57-566ece1202dd',1615542052377,1660317559527),
	('21804988-f6b2-4708-af62-e8f9eeaef800','a405c0f8-05c1-48a0-bf5c-13aecb183a06',1634364554102,1672400663984),
	('22104f9d-6a8c-410a-abdd-a27a84fe7e89','e55bf618-effa-45fd-a5e4-4894d01a4812',1612065612296,1649225168836),
	('23b37379-0ea5-41ab-abd5-e148f1b1e825','3e145967-4a7d-4862-89e6-6b03d96f9ab6',1628540430198,1674977105557),
	('247b32ea-983e-4356-ba43-d845d17a74d3','54bca75c-f7f2-48e5-8944-5c19b1f9b904',1631696836412,1672339714162),
	('24d1bb25-7e2b-44ad-a069-8d3bf7afce1d','525ee02e-6437-477d-b347-7cff2c59f313',1637735213345,1666482775007),
	('24d3915f-7b92-44e0-9215-b23fbf707838','4662e39e-58a6-4918-aee7-3e9d1f77e224',1639489264587,1674504771470),
	('252a469f-62f7-4882-8623-7f6d5cc95544','50e47382-0ea6-4877-8752-57cf25ed4103',1635519916855,1671474459329),
	('2607d060-ba01-4d71-840a-c4f31b015456','261ab1ec-b05e-4572-8fe6-1900cbe74061',1621684131350,1648750884444),
	('2659210d-0161-4ee2-8e78-e09128f21909','b01458a6-f2f9-48a3-9c87-33b191b48823',1626711546175,1670150531532),
	('26b1a4d7-b5d0-462c-8418-08267f41be59','8b0fd29a-cd2e-488c-8365-d943db66607f',1643126303655,1647363353898),
	('273c4f3c-1a14-420f-bdf9-c7ce5996a154','fbd87184-767e-41cd-bbe7-989616212ccf',1616056279546,1651902927720),
	('27bc15e7-5de2-41d4-a178-8b975aafd789','6a4a8b48-dcf7-4ede-bfae-4b1c2dbf2a4d',1631543703029,1650920405807),
	('27cb409f-a25c-44d9-a178-8db790bd457c','cae97194-fbc6-464d-87d0-87eb042081a7',1630567428995,1663506033168),
	('29bdd5ac-3af3-44b1-bb32-79d1cd8267aa','245d93af-e691-4143-bfea-548b59351bdf',1631543232107,1652652543992),
	('2b09dfe9-cec3-41b9-bf1e-f1e6af811890','9753e6b3-cbe5-45fd-a50f-d628a6afb2da',1631629897261,1643747680650),
	('2c1188e5-345c-4622-a199-c547099ce886','7d007050-1748-40f2-962e-1d5d57babf9c',1620394792320,1666434669680),
	('2c2a98c5-cf47-4061-8502-4bd2d4c66360','04d4af8b-d191-4140-8c3e-b9a95db6b8a8',1643378489711,1652765734709),
	('2c4b3729-df6f-473d-86f6-90a2462ba206','952900a4-597c-4d01-8ea0-0f962aec2037',1612625831833,1674982957322),
	('2cb539ac-c6a3-4f41-a282-22e7d357a37e','209637fa-282e-44be-9511-fa873398c450',1627689838454,1657758798729),
	('2cef2372-d617-4e59-90b7-6e4375ba93a5','f72602f7-05b2-4773-9f9e-dae6cecb7aeb',1631318399560,1666507011834),
	('2cf6fc81-bf5a-40e4-841b-d8265322196d','29f7e031-a891-4790-97cd-3bd53caf5177',1620421185697,1657876331083),
	('2e7da7a0-5c1c-452c-b1b2-dd3168f663b4','48942e12-3ddf-41b8-a2e6-17f66b78f945',1618246134602,1655236406519),
	('2f884f81-b0f2-4e67-9fd3-e0da1c98e9ba','713c252c-b040-44d7-8189-8b188e9ee097',1619082568378,1656473377465),
	('2fb61c89-e3d1-490d-8c31-4369812ba114','5e508e2d-635d-44a5-a918-99d7240d9907',1621025092598,1674234650013),
	('30ebd702-a27e-4dd9-9615-f92654e994bf','d656cb00-1836-47cc-ab4f-73be9bb3837c',1627229740404,1666190861069),
	('3160d2a5-ed21-4104-ac71-3bb33002b683','68471939-f7fa-4823-8fe5-e85e10c3ffaa',1641093229348,1669202148495),
	('3191331c-e6c8-4713-aa7d-f714be6abfea','b58a70c2-8339-4762-90ea-4a112bbf704f',1619344395011,1649097083021),
	('31c5cc0f-2423-46f2-ab61-3d9013ed3c8c','df33c59b-838b-4d36-9127-415fe1f88bec',1621338509860,1658405878939),
	('3283a233-af8c-4afd-b2b7-359b35e8f450','593f250d-783b-441d-9fa5-8d36bc80a229',1638629273028,1649864937255),
	('329a7ff9-fd3b-42f2-b151-69d95e290f47','1d50347c-2a85-436c-8b03-6fd4aee202cf',1612998505567,1659276474777),
	('334fb9da-d61d-4d99-b9e7-0517c527a545','63a3be6b-1199-4ab2-b683-397d28025982',1615332500701,1674578998323),
	('33e5c16b-14e0-4d40-9a93-cbc4333d6b82','23861889-ed59-414a-882b-b66d9ce42134',1619860660883,1671134596375),
	('34a186c8-cd33-4913-9a3a-5d9aa38f3ce7','b3b3caf2-5633-43ac-8638-cb2f10052feb',1618217959613,1658178857814),
	('34ca7f74-f084-4218-b1a9-102ac215f533','265722ee-89ef-4b2b-9c0f-04330d8a2e5a',1642872880589,1674849929851),
	('3656b87b-f49f-40e3-ba48-16f02fec9c26','b7a59d53-7e60-48ef-a678-041ed6a7d7f2',1630171879953,1650106365735),
	('367cf0a3-29e4-40e6-a6b4-72baa113519b','cc250bce-b8d7-404f-91b8-d264a4b39509',1640222783440,1670577808595),
	('3858ca60-0df8-49ef-8c8c-2cdb95f8230c','4a1547ad-56c3-4865-b42d-c84a047d2b90',1633055683364,1672985486731),
	('385ac130-9138-42f5-af52-d5149572717a','e9b6b223-1dc0-4de9-a755-e9e25dd8486b',1619896572975,1670823655214),
	('386ba086-3ec6-4461-8ab0-7120f5032ae8','c6a79a99-d1d9-4cd6-9785-5a5ac66b5c01',1634447043923,1667908327160),
	('38b6ab56-cbcb-4444-95eb-cd4d5133c361','8043ea21-2fb2-4793-ba14-b80caeb34671',1641039637097,1646898113023),
	('393a4d2e-913d-421c-84c8-e6964fefe5b0','086b6bc4-385c-4f40-a736-39177963d4ad',1620298484402,1659177747460),
	('397fa263-202f-46d3-b5d4-07ff83a27ba0','101ce52f-ff74-47a2-bb2e-88f3890aa085',1621735198456,1669246855164),
	('3aa768de-fc9e-493b-a6a3-9595726440cb','490a7ca4-0d78-4de0-a0e2-8b4dd7107d7c',1641072364965,1672780961129),
	('3ae6aef3-2f4f-4e02-86b7-de941d48c87a','dac8a6b3-1a9d-4e39-8995-775f8f8e23ce',1633109470425,1660875347452),
	('3af7b5cb-94b7-45a0-a853-0557be3caafd','03cd0bed-100a-4e3a-8c6e-1ac225f9d65e',1614150875852,1653570745773),
	('3c6b9149-6d9a-4eaf-9ddc-3377f724fa77','d79a8b06-0a9b-4441-b272-a0e9f25d8cb3',1628637156983,1664780100298),
	('3cbc91d0-8c44-42ed-8670-f0143df3d55d','db335460-b3c1-42a0-987d-464328ded723',1627731051538,1652787709171),
	('3cbd8523-c275-4cea-ae2d-49c6b8b24c4e','6c284a94-49fa-4927-9962-cf724105550c',1615227365723,1672661095595),
	('3d27f9fb-b339-4d31-90f9-93e0018829cb','bfc67114-c6ff-4f97-a510-1c1b44abddcb',1624998264796,1657656971351),
	('3dc2607a-c351-4cf3-a1bc-509180bead90','066c63e1-8cbd-4315-a08d-6a133f17030d',1615197551272,1651663005887),
	('3ed0d888-2d1a-4f28-9cb6-ac177d1fc369','cd15845e-bfa1-4d47-9d6a-75acd9c88bf3',1632233573642,1650682514606),
	('3efe3fb4-dc2c-4ef3-a156-bd9d5caa4a47','4d84dfd2-bdb7-4ece-a89a-646fd19ef569',1613191683921,1643792920579),
	('3f007791-b267-478e-9f82-ab0f841f8cbb','f8cc3b49-4f32-4040-ad83-518fcf7b4d2d',1614257037520,1672082691166),
	('3f1694ac-bc02-48f9-9c42-732a648ed1dc','31eb534a-b119-49a6-9b90-661e66a64dd2',1616351898368,1651405414621),
	('3f86f8fa-4cae-4fe7-8b8f-876156c28d14','0f6ac727-4f7f-40fd-a5fc-2b33ede9e4b8',1640321434501,1674238848929),
	('3fc28c6d-3f25-43ca-bd60-1b40b1d6053d','3082c098-3c0a-419b-ae4d-0c9fb02ff200',1633289045039,1667372387642),
	('4032940f-4afe-4dc7-a9b7-bc0054ff396e','4f2ffb58-79e3-46bb-b71d-8562650f2e92',1612437782781,1656881892525),
	('427734fc-4359-4607-8235-e2c6be1a6530','b154c1f6-6951-4727-9495-0da235ff691f',1639522582077,1645502065453),
	('42fa3310-d2ba-4e60-9b6e-61f3c3e44641','5cc35080-abeb-4351-bc23-657596fb4db5',1621143133490,1664540090858),
	('43dc2f00-3805-4722-8b23-a3fdb5625eb8','df9b364c-e3ef-4230-8530-111c0cadee91',1629872229437,1668110482170),
	('44453c15-0418-4679-9e8b-2229c535ebc3','3cb3973f-2db0-4ac7-b1e5-75914e49154d',1614596998535,1660343172577),
	('448b264a-0294-4c06-95e0-7d1550c16f32','c030a22e-a551-47b6-b432-b4621b532d53',1636451036766,1674950942496),
	('4508cab3-8ce6-4ca4-b2bd-ffae8c5cd262','586cfedd-24b8-4a51-85e5-f165c542c454',1639758813928,1664167320205),
	('4563cebe-df16-4608-9fe0-a3b2d220adbf','c2f86d07-140e-47a3-8912-27f59d5d238c',1626778058670,1674558871415),
	('45fd5458-b176-4da2-aefe-5ebdb208a8d2','d5d40d93-65df-406d-82cc-9b94b8cc5836',1641603717798,1659267625576),
	('4605e2e0-69a8-489d-801c-c6ed3e646095','8a5e521a-312e-4296-8972-b4414eefce0d',1617623556765,1666014809861),
	('460811d1-acf5-44f3-acff-61f584e14587','fa315e89-c1e3-47a7-874c-0bcc40ff0fb8',1626411490494,1662533614112),
	('464e70f8-0594-4c19-b42a-51666206a8a6','5daf05c0-55a4-4558-9bff-b40ca0660b5a',1616597077916,1651764424235),
	('46d23266-0637-493c-8413-c8648d99af07','126f08ff-96e6-423f-99fb-79c582c1eda1',1636572668038,1667104799903),
	('48f9d026-40a0-438f-81ed-0afbbfc1186b','12be3673-91fe-4e3f-9d56-ae87bf6bbfe1',1615677119577,1665171735727),
	('491c8d1c-1551-4005-965b-db2660c92048','8fcd8b20-6e89-4f4c-bb2e-b01059c8b2bc',1613081796149,1647160213790),
	('4981e119-21a3-4d95-b2f5-b4b6d8fc1268','c8e106c0-c8e5-4060-b084-0173ed9928f8',1634884294657,1666614983297),
	('49cb50e8-c50c-43ba-b437-320c018f5f6f','f018329b-903b-49dc-a4b0-8e74fcc913b0',1628285283175,1673199554139),
	('49cdab60-c619-4358-9456-2ab9a4acabbb','1feacdd4-d4ff-41f7-93d5-39d3a1eefc9e',1617971415059,1672012746274),
	('4a1639fa-7af0-4a08-bbad-0f6f1fb07169','177165ce-fdb0-480f-8b51-31dd941fc597',1620692232586,1661586175153),
	('4bc40e40-98c0-4de7-96a1-8157490fbc43','1f388f90-d6c4-445b-abae-1cf9209a7f9a',1626403786925,1651738361436),
	('4c6aae8a-acd7-4580-88d7-24843946cae2','3007577d-27b1-4d1a-a3d9-a9f1ff43aba5',1622348310670,1668939583407),
	('4e52cd93-c7fe-4ee1-83f1-cefefaa73065','32b5f69d-790c-442e-89bc-701973ae6882',1624381618764,1668777958236),
	('4e67ae0b-726b-4b69-aca9-d452cd869835','089b9b70-9a38-4219-86ec-d121308d5f90',1634452701356,1659495978005),
	('4e7362e3-b513-418a-af79-dc40b8ab5ffd','b013c0cb-00dd-4ab6-9e7b-2fc13e328ce5',1614502736205,1655218920314),
	('4eb085b0-ed9c-441a-beb1-7de90b9bac9d','9e1520db-9306-4906-9dee-972465e0dd3f',1628496239638,1659996384044),
	('4ee0d8c7-f73b-438f-bb36-c48b383664b0','0dcb7394-97e7-4f48-a438-5131d04e8f27',1641367856883,1648104698945),
	('4ef21ac1-68bc-445f-b6dd-22703153d658','bb9a6cea-f11d-4bcf-b11d-79fa58b9d995',1628130577092,1673869989566),
	('4f0f600e-ac1c-4c01-873b-b8fec50e077a','52713665-b0f0-43a0-a97e-f892046d1e89',1640240620579,1657096533983),
	('4f83b3cb-a41e-4112-9cc6-c9b1304d74f0','75cb6a16-cb52-48fd-b4d3-a8ae76b6da74',1641086933352,1646875806742),
	('514cee6d-2afc-4ed5-975f-936e9a0e04bb','9f58fbd5-6e05-471a-bfc8-b95e9412578f',1642469425457,1653741817420),
	('51b57283-7007-46d1-9a2d-98f30bf5fdbf','14ef4acd-228d-477a-b3bc-af85a163894f',1633830930632,1673686262400),
	('523ee92f-7cbb-4d53-b4ec-b3f67578ecd4','82f97996-f0cc-44c7-bdcc-74675621778a',1633902387250,1644874071025),
	('546d483a-69fe-4b14-b1f7-7351750e65a1','5808666c-05eb-44fe-80b4-ea62106c1fb2',1631590240450,1648718152206),
	('551d1ca8-3ae2-4d66-9df0-d793b16ad935','617c4642-d169-4c2f-bbb9-1ced88aebc6f',1639999829987,1646350812374),
	('55dcce4e-19f4-4d15-8824-a3e3345af078','da9e4a6b-bd69-49dc-8ec9-fc620c9eee8c',1627503291977,1655040708931),
	('573530c7-7573-48b5-8cf1-947037a96b45','7c56d8a0-ff61-4913-b1c1-0a5dff8ccafa',1642345195312,1647036272614),
	('5752b6bb-dafa-4b74-9d9c-f182343862bf','dde2463c-0109-471b-a793-92d4635564b7',1634555104439,1662655501694),
	('582ecc59-4bdd-4c13-952e-63f897e4df35','c4d1a413-a077-4ff3-9a1a-9468fd9aa181',1618333137484,1665840090307),
	('58f1f9ee-31bf-49c2-8577-799a485a5ef7','21b0660c-7aa8-4040-8cd3-02550d908897',1639519070242,1659398578440),
	('5b5ac0b7-af48-45b7-bb5e-4f8b1af0e7d6','e08ef1ab-5ed0-4cbe-9381-e20475d9e6d2',1632415553521,1666113644471),
	('5b79e35e-2abb-4b5f-8111-2d5d08df52a0','5c8b6dcc-2ae1-4e39-8e57-242aa84e5505',1624818669072,1648919007435),
	('5b7ef882-6684-4d79-8385-3c7e7f5af466','ffb63f0d-c23d-4be7-a481-bf5a13afbcad',1625001179523,1664064484453),
	('5b8e38fc-091c-4984-a2bf-7b59ef0c7941','bc8a4cf9-3d78-4434-a61c-2f9211801279',1621761591589,1654763096233),
	('5bf1f603-4737-42a9-94b1-d608763d56a3','d87bf842-deaa-4a85-822a-e0c52e076c76',1620889454535,1673733800127),
	('5d0c2c2d-e66c-46f3-8eaf-c7645b943c15','6ff6166f-725c-4af4-952a-a787d7d28b5b',1627055962918,1645514964009),
	('5d5ce8a7-6f01-4fea-bb1f-fcda7ec03039','787bb35c-44b5-41e8-8004-a9a20eb1f66b',1636165552637,1653660186050),
	('5daae343-0b0d-41eb-9657-27688fb2ac6c','0b2392bb-2b03-44db-966f-dadd97eaf5f4',1616728466857,1648326755461),
	('5f722dae-2ee2-49cf-8214-2f1db7e071c1','c8616a33-4a6b-46e6-ae78-3d7cf741c6df',1639529606376,1672768651782),
	('5ffd0aa6-2182-4778-bebc-ea244e29971e','fbbffa14-5479-4192-a6c4-1147f1f0f12d',1631450272262,1655763702946),
	('6057a2fb-b48f-4046-8f0c-6b6e31c96354','ac41d985-75d4-4ce5-9532-c0686aa3e4d9',1631318813776,1660044064059),
	('60b3a96a-d1f5-4165-b55d-48c59f57b5c7','e022d422-d6a0-4074-b88a-0b592729223b',1639159827135,1662245431523),
	('60eed726-e624-4ab7-9c16-91f49090b091','80560233-7f19-4e86-a788-014a91720f9c',1631850234215,1660177453935),
	('61a12c35-e448-4623-8a85-cd593f343393','94ec2fda-0141-4e3a-852e-dabd114804c3',1636403533310,1663514367502),
	('61e65813-8c7c-4ae4-85eb-9e4d41fdfb5b','a2f5b517-fc6f-4ba5-938f-04796714b58c',1620646392210,1652589022138),
	('621e9031-a8c6-4eb2-b9f8-e831d758ee70','65bff6c7-b6ee-48ec-bf34-102375f29a2a',1637633691275,1672492959222),
	('6253e192-9188-4831-ae96-20d5d69069be','79a6a052-e5f3-44e7-8607-eff04fc2d091',1618649311399,1649272304882),
	('62b0a01c-dfb0-435f-9b8b-6c8f71fa2620','91601216-54e9-438a-8f01-e60b7bcab903',1618082363007,1671723298712),
	('633739fd-7595-4846-85ed-f5e512ec35e2','a3f49b18-b25a-47dd-b803-ae21e9375088',1627826146769,1666446280684),
	('636b63de-84f1-4c25-92cc-c54d48caa690','03e0b9c0-1fb4-4cb8-a1ec-0915ac48600a',1629044675047,1649043818189),
	('637f9acf-0861-4300-b20f-0c0abd9c3f82','67463b57-d879-4a43-a198-ce3578bbe5cc',1625482060871,1670800577673),
	('63ce0e5a-d8bc-41a5-a74b-5c92b69b8451','8c8e927f-f2d2-4709-a0bc-55c7f00d10a7',1631354134623,1659421263892),
	('652818de-b92f-4496-86f8-cab0dfad086b','48c52913-29a1-4661-9d6b-f6d4675fbe51',1633457142769,1663940822232),
	('6673e2c6-7812-4421-b377-01c0b85d667e','8be291a2-ff37-417a-bd0e-ce807aec021d',1630200451348,1647129817558),
	('66fcfc23-6f65-466a-b2eb-8032d76188ad','c2930570-6b86-4985-ab96-3545787b6c63',1634151256292,1656881757246),
	('6734e391-98a7-4cbc-99dd-a0bf4e916e2e','e5e19ad9-80d1-4417-89d1-73a3c2e4f7d5',1628366248401,1645641932417),
	('6751bef8-7c8e-4b5a-a3c6-5fdf89da6e7b','ce3a433e-2369-4a54-b085-408de39e4d93',1613087257843,1645443926108),
	('6821ba88-77a5-4ef4-b08c-2edf36ccf823','0c1bfb24-55bd-40d9-8246-aaf2c51d0159',1619415122612,1652830727491),
	('686e4070-0dd6-4ac4-86e9-9b0e10033f03','6948cfff-66d0-4a88-8194-c548b8d6826b',1614213168964,1674682771602),
	('691d9767-12d8-43e8-ac88-bdf0b84ca2b1','1f7663ae-6d9f-4587-b616-8eb149eda269',1614746605902,1647717897933),
	('6a1b61c4-1df5-4c9a-bd7c-8b0ffb75ddc8','47aee8d9-88ec-4d8e-8d46-001713992479',1626747598724,1674808762790),
	('6b03fafa-6b9e-4e8e-a0ce-c7d05a6e1e8c','73d40b4f-0e11-4d82-addd-c293b6e3882e',1641542548880,1665573683767),
	('6bd097a5-c100-47df-9a15-0cc0f0ee6295','7cb8c358-ab85-4dec-9009-fa87e4d91460',1630006380666,1654283152862),
	('6c9f98dd-e6ae-4222-ba8c-97d77c077140','71ee7135-8a32-4603-992b-e7b9463c89b6',1641183078182,1655642312431),
	('6ce0a5b4-b2b1-4601-a0fb-c126a7d5a24b','57dc3cd4-1d7f-45ce-bfe4-1f2a097c168d',1620979908982,1650550543930),
	('6d35dcfa-8f55-4735-9ebe-0c98c1c1c208','a0ba2a62-69ea-4f73-a7cc-f07ae30ab5b3',1625574913072,1656662099612),
	('6eb22c87-e9ba-4de9-b650-991aecebec4b','4936fb4d-8da2-4132-b59d-f7a659920ab2',1629155840469,1647195902103),
	('6eca222d-10d8-43fc-8646-9dabd9286c91','266e1454-fd00-49b2-a920-87dfb8075fef',1633284200336,1658819762362),
	('6f98a396-85fd-4192-8d6c-126cde8d24ae','59995bfd-4b73-4c63-abca-cc2fe3e0bbe4',1632788523645,1663823407652),
	('6fc93c9d-12a8-40f4-8bb8-e01db3bdd53d','2de50ac7-d06e-43f5-b69b-79be8ba9e6ea',1640134629251,1650319173902),
	('7069e624-e44c-4374-b712-0c7e8527e8fa','e4d44974-21cd-4745-8b57-7d2744866b45',1613178608353,1666089118957),
	('70ebea82-ab4d-41f5-aa73-451c7a7629f8','8f0a0ab2-032f-4325-aace-1fc14a910d9e',1613869606779,1664005820628),
	('72bb2ee1-415c-4e59-9325-8bec543455ca','22875b6d-b18b-4ec6-b5f8-04e37e7b5a5e',1628309908261,1647112471140),
	('73811bfd-f40a-40b7-87e7-643332956916','14455a69-36ae-434e-a6b3-87fea4fffcce',1617772831092,1661448276170),
	('73e54409-d5c4-49ae-b9b3-50af875a511c','ea4ece32-5e20-4f62-8f05-8960e1dfcc6a',1614582146221,1644991602190),
	('73edb71b-cc5c-4e17-b050-3c588ca7dd89','f4dbe8b9-1888-472a-8550-0a60a1b20128',1618158581588,1673972919824),
	('746ab7cd-90e9-4b53-95d4-c46f229ff98f','f85270d8-7643-4d47-9ad2-81cb7ee50e7a',1628374710914,1648550785912),
	('7576717e-437d-47d9-bb8e-b78831b014e6','e7979bfe-184f-4217-9eef-2b25141f44fe',1627795140086,1655348103019),
	('75a18b0a-4e53-460f-8887-d0663cf48522','d0071b7d-ce34-44c5-8594-83f0f88640a6',1619760705484,1653846472434),
	('75d5becc-58f3-4041-b2c7-9c5900601056','2872fa13-6536-4ca7-b891-e5ecaff9695b',1618665571774,1663503868986),
	('765e1101-2332-45eb-a0d8-86df4eadf554','0b927e7d-8d1d-40e1-a71b-eb75748e2ba6',1637818482909,1657394049018),
	('76776d24-40da-463c-a2e0-86cd1d44fa6c','56db6893-8310-43e7-8a86-3d3f364f0813',1620392508557,1669522632967),
	('7697805a-4765-4002-9b76-a6c15e7a3990','78a4af95-76e0-49e4-8996-54e1a7efeebb',1635816624155,1665128499106),
	('76b8d284-72f1-4837-94bb-393fc42cadf3','b686d15a-1f63-40bc-a884-463256c70b44',1642526402043,1645897974867),
	('7748c5e8-fac3-4e2a-891b-4b3ae90f61e8','58e00591-6923-4305-9267-816d27bc688b',1629538979830,1646499525975),
	('779448c8-703d-414d-bfd9-0df20e170b18','552dbd2d-4da3-4de7-a4f8-b72b6919317a',1618145406930,1643794951637),
	('77a945c1-bcc6-40fb-8301-7c7705a740f2','8197b48b-d850-482c-bfe9-138c23de0bdc',1635775497181,1647121666762),
	('785a7d6e-a732-4fec-8bd0-f16e241d54de','4ebf5d50-41eb-48ef-adeb-88ab2a662ca5',1617379558433,1653016438389),
	('79ea4a2e-b8e2-4989-9da0-7c1e1fe30bb1','f4d6f8c8-ee5f-4549-a454-8d2818419679',1624501487100,1672455186324),
	('7a1f0f7e-24e3-4b33-8bc1-fb33f63f4465','0ccc3dbe-eb06-450f-8e03-088dc455f1b7',1634897817520,1663249334374),
	('7b898aab-ed37-4466-a3b1-6d830e4a5d40','89b36edb-0ede-431a-a8a9-c3561aea48a6',1620180563289,1647014392151),
	('7c87e7bc-c1f4-4712-b2e1-2e49cad4dd22','e41129af-2a9e-43bd-b6b1-769642898d74',1635632661110,1665736411672),
	('7cea43f1-7d58-4e6b-91fc-4f3e7da74dc7','7b4f323d-13d0-4e98-b23c-14028ce2d3cf',1634064095377,1648038201529),
	('80ca9327-f176-40f4-9c05-1c9c5333a5f2','149ffe60-fd0f-431f-bf0a-aaa23fc57823',1643000358415,1646484596234),
	('81626f4e-7570-496e-9310-9c8df8c4cf57','0192d4a9-5138-4f98-aa20-edc133b7dc91',1615620210926,1660553931466),
	('828afa17-a940-41c3-ad16-4a89221e2e86','8fd77c7a-9482-4abc-b111-670c67759c48',1641156688359,1667635708649),
	('82d20b8b-17f9-43ad-81c3-7caea9d1cae3','926c1424-6569-41f3-a505-90130b38b355',1611964671131,1669335594171),
	('8375507d-adf2-4abd-b5f9-305e02eebef9','ffdd1b6d-d465-49bd-9d94-ab6eed4e0f29',1634153871898,1672573677446),
	('84184154-018c-4932-80dc-b8432253226e','217f7e95-8a56-4c69-93d3-867c224f20da',1642491968879,1662065823940),
	('84aa4693-74cc-4d9d-9e73-110f94afae4c','83ad78fc-12a7-4192-b8d8-5727e6ab31fc',1638058156938,1665993977200),
	('8506e334-1060-4de8-8293-4d6f014fdae7','a55f500f-db56-4154-a374-bb30d99d796b',1641303595661,1672800230462),
	('85512345-4aec-4fb2-a158-2c87d5631d88','c30bcf52-1f3c-423f-b825-e5828c887306',1627471769289,1647692036095),
	('8552bb75-2f3b-4acd-a5be-f64f6f3af5af','ba88ed67-a0b5-453e-927e-ae13a7f42705',1633241650629,1646693432492),
	('85af3c96-09dd-40e1-8d2c-143788691851','74ad4fe9-4592-43a0-a496-870772e2087a',1638381576538,1665503945108),
	('883dfc3a-464f-4113-b04c-b537f7e4d5a1','3d9f96dc-fe72-4d71-97f9-51212fa5fa9c',1624114082881,1660878612202),
	('8855b624-4165-49bc-9517-e237b59ea60f','1c26a56f-85aa-4ade-81ee-9acf831b0013',1615322125276,1659708920442),
	('89e15b35-133d-45e3-abfe-a965754c9244','3c747cf6-391c-48e2-b0a2-72f1e0223af7',1629082003993,1644951084955),
	('8a38544d-fa26-45bd-b029-bbebc73faff5','e3896caa-83a7-4d25-97cd-e6f73ce5c6af',1629050829767,1672840437616),
	('8acd9812-b9c3-40f3-abc2-80a92d8a2fb7','ebf8f881-7a12-4f61-bda5-a071e26a9971',1625154880417,1645145326084),
	('8af1debc-8644-44c0-b982-718869711ed4','cb54ac91-fc77-4520-bc5e-19c832f9c132',1633547887552,1644161401806),
	('8af3770e-908c-4ead-ba3c-55a479b34ee2','f9bfcedc-66a8-4c9b-8c30-92b77d152b7c',1643459657614,1665121875178),
	('8b1fc6b2-f05b-4b8d-9c3e-f3571dd56c96','d367de8f-835a-4a3d-9355-bfe9dfd82964',1618957411009,1647238973913),
	('8b5ece53-3d45-4ab5-beaa-84731a0a7d5b','6be8aa95-93b1-4aa0-b4ca-f719db800707',1619501797617,1666978113626),
	('8b8b70ac-3b02-4043-8acf-13404309622e','092f3a16-6388-4b1b-b7d4-cdc1adffbd87',1642692557460,1656658180025),
	('8cb49002-9f2f-467c-98fe-74bbbb284fab','9c7006ca-6b04-4169-ac4b-d878f6947613',1616703385899,1659189654336),
	('8ceb7f18-1f25-48a1-964e-2a2c6c179b64','e0a6545d-8701-4ee0-8b61-17efe88f4bd0',1631162833686,1671528716973),
	('8d68c2b2-ab6a-4c84-b9e5-acb4b462cfce','306ef61d-3e06-40e6-a709-2b9f718346ac',1617570006594,1646088271947),
	('8d850d85-d24b-4022-adf5-47a5d38f9441','ab672308-0486-4492-9725-65197d4070bc',1613602637722,1662698278044),
	('8d99122c-e705-4412-b374-6276de25fb7f','d9a1f3b4-7da8-484c-b83a-cb955be79121',1638790786291,1669375147543),
	('8e384eff-cfea-4876-9bb5-1839d30fe09d','9d839799-e502-430b-b2ef-5e843c6f9bc1',1631179750881,1654638829573),
	('8e4ac0cb-267f-49ce-8fa0-c9d34538caea','31d29349-c59c-479b-a92e-44d65a41f503',1642503632794,1664245054787),
	('8ec1a593-5a1e-456f-b5d2-bf1923bb3a7e','f9793662-2c9c-46d9-95a9-b1a44021958f',1615792349361,1669415383599),
	('9085af70-c593-4f8f-8c71-f14081f610f9','02627276-0549-4f18-b4ff-c6c4c161d6c8',1632003736363,1650206647450),
	('90d9ea3b-b743-48eb-bd6e-fe9ca2069954','d1480b1a-fecd-420b-ac7e-6bc894400483',1628815102896,1666677121784),
	('928b13fe-aeec-4348-ad03-1aed35ab07a7','225bcc97-3bf2-4a27-873e-e20aa16d8457',1630106342787,1645382256475),
	('95a32f50-34af-40ae-add4-2002a4d749db','7702ef48-ae36-47c4-bf70-79bdb3348149',1630721307457,1669411935843),
	('96c04898-443d-44cc-9730-d24d078e1426','2ef63e91-b9ea-49c9-a2a9-8e26ab387443',1626458757870,1653533176267),
	('9778fb2e-7421-44f6-87d7-ef667c9a6c86','cb899063-d321-4691-aa7e-f24fa840dfd5',1620941840186,1646298327148),
	('97a9bd13-d754-4daa-a0f5-fc5a1042f8c5','743a18b4-afec-46f7-b97c-32d6ec2f70e4',1628422844035,1669624754079),
	('97f87f16-4611-4e0c-897a-c6ff2337404b','4664ad8e-d4ef-41ac-9827-64787652bcbd',1625918133017,1646924520331),
	('99d4afdd-8931-41ca-8ec3-cee7f8d06a64','43dc6511-1c4d-4e94-b9e2-1bfef587f28f',1622330060469,1660895874038),
	('9b77c08d-629d-4408-9ada-d684723e6c96','47171aff-b3f3-4963-83b7-49534e8942df',1643328157579,1646377458800),
	('9c9317e1-f5cc-4d6e-8913-09a0ce482975','9a9d48bd-4e6f-4ee3-8ef3-389aaba66121',1641981664246,1663416960838),
	('9d168b62-d374-4249-a60d-6411374d976d','a03840be-6c86-48b2-8275-44b7e99db689',1634535977090,1651393515546),
	('9d77166b-ab7a-40a1-87e7-5860219861d9','9ae50e3d-c0a4-4d65-858b-a25558ae374d',1613086358668,1651147859041),
	('9d80ade3-b895-4d77-9b14-c4efda24fd4b','c54859d8-bff9-41de-bcca-a29f263d0c71',1627622255371,1648549932036),
	('9d92ef80-422d-4d35-ad95-223a58f4ef89','886e0d6c-d7bd-402d-b68d-e9ad4e5cdea7',1639748733455,1670362387131),
	('9d9d51e2-5a85-45ed-85ed-103f9121202c','94243202-9d14-4a3b-b524-161eb3444523',1635387786090,1661581609492),
	('9daa648d-9d21-4bf3-9acd-94fe8c1755b6','54851f31-da0f-4e37-9ccf-eee266a2114a',1631394511704,1673911364397),
	('9db3a052-9f0e-4b53-ae3d-295110a9730f','98aaee7e-7d85-40d0-96dd-2bfebbf82f27',1629551756001,1656090049001),
	('9e0df4b0-1026-4b04-bfdb-8fb3a82b5d30','52669159-9284-460d-839f-fd8c25b9147c',1642691620896,1654626434367),
	('9e9f8464-e39b-4aaf-8eb6-592eb7dd2110','16e02e0d-0ec2-4dd3-9d99-0e684e372c7a',1613842553476,1656836220609),
	('9f0643f3-574e-42e8-b62e-91594140f6ca','e5de936f-26bb-4bb9-a3a9-22eade579219',1623449172897,1659960695856),
	('9f8934f0-a094-4159-af05-c5519c040ee5','993b6c88-fd20-4cfb-86bb-262053642c79',1631853580339,1669392571899),
	('9f94fd0f-83c3-43e6-9abd-0d21f79f731b','957ef43b-dbd7-4473-a7b1-c369693ae089',1624987829470,1673228342103),
	('a129e194-28be-4ae6-8b98-46ab9b8fecb7','1527d8f3-4d54-4ace-8b6a-a533e79529fb',1641080243727,1650982386635),
	('a1aa9f8e-e5df-4580-b885-7c6168942152','80cf3e52-eaf4-45e3-856c-6f77b9f00854',1615447934560,1659031410845),
	('a25bb907-0b10-4ba9-9c34-3ba7c52b9c7c','0f636ae6-323e-455d-9245-98f3e19d58bf',1613434407357,1654087534848),
	('a3ad6c51-5afc-46df-b02f-472e0ab6115d','6e4ee260-9651-4124-8aaa-e88668659882',1627609507616,1643683433147),
	('a43d8257-234b-4536-b82b-ce074c7d6ebd','23d2decf-5bfe-4614-83e8-411ee167f438',1616592499597,1645732616816),
	('a56f57bf-5fbc-422b-82d9-5e931cac1ddf','5e57a227-bd2f-4b6f-a47e-ac3e883b24f0',1630175914465,1657296563983),
	('a599e390-e544-4c82-870f-ea4bc59aae5c','f0e5a7e1-7cfe-46eb-9394-bb95fe6afe18',1618221337772,1660929426629),
	('a5f5e8e1-00fb-4ab4-abb8-a5b78248c929','f04d5f57-316d-4443-a0cc-2adf980f2653',1618863746345,1674196324619),
	('a66424b2-6cb2-476a-9c4d-69fc5a92062e','6c0e9ac7-2455-4d00-93ca-5c1870d118e3',1639771495189,1663076635351),
	('a67b0827-b4c4-4d7d-bc1a-9a1f0ee1c718','e7c168e8-1c46-4b24-8516-eca6767bcfa0',1618472600272,1644152403476),
	('a68698c8-6afe-48e8-a370-d0e281a24d68','614898be-d65f-4485-975c-f2b42c33f7f8',1639149095040,1646135308977),
	('a6d8bc5c-110d-4427-b9da-a3dbe974eec6','f5fe2e2b-b789-48be-b4e3-bb3f5ac353e1',1612786886855,1655659101293),
	('a6d8d73b-34d1-4f1d-8bad-7ddd05c0e85b','0054479d-3740-4374-a2a3-370358b149d8',1620203169332,1653742725096),
	('a86b88b6-926a-4a11-bd02-efcaf0f34bcf','6cf86c76-44a4-445c-a607-9347c34e5007',1616054257724,1647305485831),
	('aa14bea7-7550-4aea-8ab3-b71bc2ef8853','e714f2bb-cb22-4249-a063-42a6c8ea4c8a',1637226902407,1658813825905),
	('aa14d245-2e20-4c55-b2a3-9479bbed2aff','dd093297-36a1-4f0a-8b3f-3916382853eb',1615329470359,1654141827637),
	('ab22eff6-6b6b-4f4f-a8a7-ed37f0505832','f3e6f32e-06e8-48c3-895a-38d8d6f59e49',1617916480083,1658873075891),
	('ab44d2f5-5438-4a16-8195-47d7d54d6c43','ed54d151-3a69-41a9-be13-0feecd677d3a',1613453148971,1654241299159),
	('ac0c3bce-f17b-4eee-8c9e-3d2604b63231','411ffd6c-c609-4a6f-bed9-9a264fac2102',1628851857554,1644499188304),
	('ac85751a-7b63-40da-b959-edbd1be2c166','9951ce77-577b-4a43-9ef2-9eca3cd219da',1625075809405,1662297679461),
	('acbd9f17-f042-4930-820c-03086adab914','9d35ab1d-8adc-47ab-9088-cc77a969d485',1629808748019,1665543508318),
	('ad117c7c-c6d8-4835-a66d-b8f1f1cb9aaf','25463e06-67f4-4917-90ff-035b238c6c0d',1624050513982,1662451914730),
	('ad494933-fe9b-4438-b497-317d0b93c1d4','ef0ec9e8-d47b-4d02-9bbb-2064135f1bdf',1637271277428,1658438775620),
	('ad73fa79-7bee-4302-ba00-4963e0b03e45','b1e55b1b-a5fa-4b68-b1c3-0387f1598df1',1631792974791,1655139884044),
	('ae4ad618-4901-4126-92d9-9e0473cd7507','7b2af1b2-0b46-42be-b05f-26c4da7765ae',1632429810214,1657520653579),
	('aee5797c-ca5e-4256-92ee-75f48886953a','5ab619a2-e98c-420e-8419-ba967193ee71',1628315627139,1651801042101),
	('af384dec-b584-46fc-91da-cbd5304b0338','86f4715d-8546-4860-9550-fc2fe819b8d8',1631984544881,1658886900654),
	('af61dc1e-001e-4f9d-b2ac-8ec09b0b349b','c6903be8-9b11-417a-8a99-9a5c4bd56c76',1621351280202,1643602069067),
	('b11cbb07-f838-4381-9d64-fa080869eff4','b5153c5c-7103-42ee-8f10-9bc0b4664c8f',1642772024101,1666875906653),
	('b162a963-db00-4223-9fb3-cbe5e6d9f732','12e8438e-93f4-4c32-8777-bc8434061486',1642140955567,1656316485910),
	('b1d6b63d-12be-47b1-81c5-d8c0e0461aab','f4de2c48-6c89-453c-ac7a-0deec609ff38',1639922845255,1657300369537),
	('b1d9565f-23dc-4725-ab2c-e823b8c80f4e','e81c9dff-4f27-4027-bb6c-e5c7c61e2038',1641857596393,1649436759728),
	('b1f531a9-2f67-445c-b9cb-54e7ff999169','6a9c897c-f248-45bb-9908-a52038ba87cd',1624729828215,1643561000865),
	('b2028711-560d-412d-b16e-5ed9d42da4bb','2654baaa-6eb9-4aaa-a141-5415ed930948',1615981239769,1658509253809),
	('b22af99c-904a-46c3-85af-4e03e46ddd95','02e22813-a2ce-458c-add7-c47346f216fe',1624888573545,1651581892381),
	('b260c8ad-c742-4f6a-bad6-fa76d2d6e068','bfc4349a-6522-46eb-9215-4aef38e6dea5',1636471624540,1643830013465),
	('b2d839aa-aff3-4ae2-97d3-7c3a81a8357d','b76b58ab-142e-4796-8d78-84fa83f4dce3',1640053344536,1646723518644),
	('b36505ee-40c9-4e5f-af4d-242f81cd4570','5055f0f2-a339-434b-950c-b95aa7201470',1621328105625,1664016901368),
	('b3ead548-0139-46cc-b572-149499a9c6db','fb388ee5-5ba1-4306-920c-f1c743e71192',1615891953694,1656233952212),
	('b45d7e53-94a2-405f-a47c-1f7b9a51fe6a','bfca6e53-a6f1-4c77-8924-b17e0d6bf916',1623459969623,1643669886273),
	('b4860016-614d-4f28-a862-376a82306045','53520ca4-2715-4ffa-a603-72315af61605',1625527317196,1654691251802),
	('b5da2161-fc2d-45ed-a634-a4d780661e0d','6777ed36-7e2e-4845-a7dd-e700bec7a1db',1641601533784,1663082548465),
	('b6729138-9a0d-4f4c-9e54-7780dc30b305','bd89893c-52e9-4179-b87a-c62d0e4e8643',1634734685794,1661891346981),
	('b67f67f4-493a-43cb-abca-36eb0d78039d','e8107900-980d-42ca-8cf6-59eb1276b2ad',1613146530917,1651082511845),
	('b7c1217b-19f8-4238-a3eb-0e606b81505f','f7e59707-835b-45c0-93d5-c728cc6ef2b4',1616003477400,1672116882742),
	('b80f762b-ad2c-4c2c-938b-b61c6a7979e5','34cc57b1-4d9e-4d1f-b201-52f1065043ea',1634763779400,1663642691716),
	('b8eec327-4722-41a4-ae8e-7fccf35d0932','c88966cb-58b6-4071-9568-dee32a04a3fd',1614223736055,1648859247403),
	('b91c9d14-678f-41ab-8e38-1309bbd81cf6','1c57bbc6-0d42-43b6-8694-52fe4ceeb27a',1626841517912,1671298428183),
	('b9d159ca-8f36-4dca-9deb-90378c0f9927','011a4c36-bebe-4fe1-9df7-4f4b79cb82a8',1616110029039,1668616736737),
	('bab3ad63-1697-4fce-8759-8e454a2b9770','348cd827-c257-4002-bcd2-930d4f29a018',1621042381398,1647740207656),
	('bb02152c-67a8-4c8d-90d0-3d331df3ad27','229181a7-ba22-44ba-b3f4-c31280942265',1617184947244,1656341012398),
	('bb251f38-8b52-4aa1-9e06-bbf0d1d5cdd6','26a996c5-c598-449e-8df1-5fdd3e2b67bc',1626202625328,1673386433945),
	('bbacf458-dcd1-41bb-96eb-ce1b01bec966','c6a0bed3-a081-4f8d-8853-7f6382f78934',1640793223104,1653797418644),
	('bbffc399-9786-49b9-b636-976cadb23e8f','d8c7792e-20e8-4b9d-9995-0067d2403ecd',1628236740816,1667152651488),
	('bcc3c441-ea7d-44c7-a5c9-1ab18bc5f6f8','d90a1e19-5ea8-4cff-843b-78d2a8d2946e',1635172392802,1662529734974),
	('bd05867f-36d6-4f0c-84d8-e06d5d4df131','391f41b7-f26a-4a1c-94cf-bbde49fa8acd',1637483476766,1656063631358),
	('bd299de3-9920-4e40-b08c-bd2fb18e915a','ae47c44c-cff2-47fa-94e7-5d928c918a5a',1640127110414,1648994475098),
	('bd7a57ee-e575-4264-b3ae-9d5cc9990762','7cf31cc1-30e7-4845-a4db-3d288b7d9169',1612699678743,1657295153580),
	('bd927129-656a-41a8-b75b-454f74bd108c','cbba7628-1eb0-4933-943a-ec0229b51649',1623042084108,1652500535893),
	('be8e27ef-5054-44d3-a55b-b3d46a8ce1b7','6542dccf-294d-4d99-9b2c-d926fe7d78ac',1631211283555,1665907560970),
	('bf022250-3b00-401e-ab85-aa203f7cbb52','4aea6c18-2b8b-4838-9067-6a87ca7b3bd6',1641577295794,1667333662650),
	('bf49971a-c570-44df-a787-bce88268caa8','976cc321-1a70-46bd-b4b5-4d7194ab59c2',1622989317904,1670549311649),
	('bf84d149-62f2-474d-906d-e05bd65c6fd8','1a05c0f4-7c98-46bb-b8ba-d1e94eb87439',1635386953658,1645421647125),
	('bfe67fa0-0f67-4089-bedb-b41b6459fa24','25dfd035-15e1-4461-b0de-8ec677bfc8c7',1619562118515,1654291823947),
	('c088d8d0-952f-4df5-af6b-50ab847bf33c','e8aad296-120b-42e2-a107-9f3e3b37dce0',1631609945938,1657657763315),
	('c0b93f19-9454-42ed-a755-a606ecaa63ff','fbedb1ca-0cc9-4c5c-b7f6-96d11d5ecd4b',1615610642276,1671745614411),
	('c0c026f2-1e8a-4e94-9a85-b357e512232e','89a52918-de6a-4547-80b9-8c3de7e0ad8a',1619816796714,1650358073802),
	('c0e033c0-5900-4292-99f1-9b33c1f9b38a','c3f374f9-5000-4ec6-8a82-2ec244066467',1640237836719,1653091977561),
	('c15a3e23-b070-414e-921a-9ad715075c7a','34c7edf8-3259-4020-91a7-603df6e3725c',1622834684578,1673294559909),
	('c16d7771-7ad5-4569-8f13-782338d6de93','5e901ae6-bcc3-4c4a-8d5d-3ff72bbe2a53',1632383198922,1671981395276),
	('c1feae47-5234-490b-9421-c3b54b9f04ee','3514f172-f0ff-4e86-a3cb-ec217ab01625',1641987695564,1655111348124),
	('c2075009-f772-4394-ba87-e3c8e41c25b7','8ca65a32-0332-42dd-8c48-d63e447c169d',1621394841631,1667650367024),
	('c3b55f1b-7e4d-4c71-b5a4-8928a24d9243','6b67660e-2b35-46bb-b30a-f1265ced294d',1620323881054,1652992169625),
	('c3f77b2d-fa0e-4547-a4e7-5a966f0816e0','d777e21a-b260-48d8-af76-0abcf487f81d',1620216242332,1667493131329),
	('c412958e-5427-481a-8db1-3d7dd35d23f0','a220353b-b7c5-4f48-9187-4634a4e1221b',1622766558592,1653607112601),
	('c458ea3a-4898-4f3a-9a34-20dc5273a5a3','18b3900b-8c8c-4760-af8a-ac7bd20078b5',1632277039002,1643571301857),
	('c49797d9-26bc-4d53-b363-7b1b11c94a86','418388a3-656a-41c7-822e-6aa73084dfb1',1618850291708,1651217606379),
	('c5639bb2-97f9-46e6-8a7e-d075aa068cd5','68b84f34-ddc4-48e7-8930-5bfedb583ab7',1636567533589,1667142751939),
	('c6367832-685c-491c-a5cf-afc4a8e12bdd','a214c44e-22a6-490d-9ec5-6948bd2b8f54',1632409781545,1656214926209),
	('c64ffad0-25c1-4fee-9b5d-0009fca02a5c','a83a5ae0-a970-4a98-9c31-e313ecb0a010',1626437050135,1651285489349),
	('c6b21636-89c1-484e-baa8-5dea935fc5fa','77d7f465-26b6-4cc3-b2d4-e59d36ef1e2c',1619133240598,1643612979941),
	('c6e44cd2-d9f1-4a61-8351-352ab8a64917','ffbdb48d-ab6d-4031-bd28-c1a0dbd1a9fc',1614434171124,1652753004257),
	('c84db7a7-43cf-4bd2-b5e2-d8d09bc43d2f','729dcf89-8da6-45bd-b439-ef506efffffb',1633244013740,1657317193732),
	('c88766da-50a3-4914-946a-7728b3fd80a3','e6a739dd-e3ce-4645-8f74-21d8cc89a5eb',1626222132923,1673960037608),
	('c891caf1-d577-4bd7-ac43-35b0acd4a1ad','bea77a0a-3395-4e2b-8ac9-dede077a4236',1643427860574,1646542397006),
	('c8eb90af-3db7-478b-a5be-d1cc2e6e53a2','8dd31d7b-f064-432a-bfbf-bb8374554290',1628506924700,1660838155496),
	('c924b541-d25f-4ecc-aeab-3b4a851a22e3','4c77524d-f4b0-4784-ae7c-0512993a4fea',1629012045506,1651388475776),
	('c9498aea-f35a-4205-872d-8ad071226995','d46e7698-d106-46ca-afe0-3e69830766b6',1617063860624,1645473931228),
	('c97a511a-d9a1-449f-add1-e16c5c2838ef','a2b815f3-1368-464c-9de7-5c14bc22bf5e',1624770334021,1656844826011),
	('ca563487-172d-4bda-b6fb-5b501208e336','70b7ac1b-fb20-4cc6-8447-b312a05900fa',1620355991064,1649463671840),
	('caf7988a-31cc-46de-b7b4-6c172040a71c','4321f8a3-e0ed-4aa4-b0a5-e3a1ce6f197d',1620813007875,1660388899238),
	('cb7a4d2e-7663-415a-9723-c9a561a70295','32d80d80-6987-42c2-953c-8bd7acfc4a53',1638187448539,1645522498335),
	('cb9722dd-62f1-40b8-9325-b3f71eabfd58','698a5adc-4f4a-4acb-830f-d28bb67bd0ef',1615912175453,1647319462604),
	('cbc14e03-c8c0-4c02-a15e-d08d039d46a8','4bedce2a-1250-410f-b65e-568901639faf',1633480662914,1671117301303),
	('cc3b34b4-3146-449b-b160-2931bb140d2a','617b5dec-eec0-412d-814e-19d4bd1a526c',1621342650358,1653503813736),
	('cd012e37-c315-49fc-b7e9-39fe0ebf2a34','5c56967d-12aa-42fa-bda1-1a0cfe185f84',1617327873966,1651697060240),
	('cd074987-1f3e-48bb-a5bd-622970a3e2e1','d2461de0-3f31-4884-a37c-b64eb8ffc3a9',1616250857697,1668805853294),
	('cd80e0e8-a8eb-4c93-8c3f-a53ca841ed5b','cce3de08-3838-4228-84f7-e1e3d19eb347',1614253601979,1649956454770),
	('cda22160-71e3-4f20-9747-8850eebc5063','265cd52c-c31c-407c-89ec-3e3ae179b8d2',1629289430930,1665394347245),
	('ce4decb8-5c82-486f-b99a-ca891fdde5e1','e31f9de8-9c64-4d5d-b386-f7311ac75a34',1624026014365,1674393358867),
	('cfbd3451-7d6f-4669-8ed3-4ffc91834a6a','1dc31c6d-f7bd-4feb-8906-736d3105d2d3',1620912941669,1670398771830),
	('d00052a2-1076-45d1-9c71-0360ce50425e','09ed8e37-e46a-406b-b559-397c2fa4ab64',1619622279909,1649579777765),
	('d066a3d2-03d2-4021-a8b7-4d492a2695b3','fa0615f7-36bc-4296-937b-cf0084410357',1632720029258,1656251792417),
	('d0d2b4a7-a933-4fc0-b820-5e2b7d583bd4','ebc70e93-d492-4b6a-9b64-16fa4c08f08f',1641008212876,1670345684033),
	('d0e8ec5d-48e2-4266-991d-33223036b693','0950142f-8ed5-4eb8-a6ff-dc9135eb60a7',1636575944932,1670060516951),
	('d28fbc1c-1caa-47ff-92f3-02def7d08a03','c7685653-4bc5-4646-83b3-b50bf5f4e191',1617816572698,1658775232143),
	('d2a24f81-158a-44a5-bf8a-5b7851c94f56','b73c5c17-12d6-4c45-84b2-b060e6614b9a',1632215901244,1667896689226),
	('d2adb905-ef97-4071-8d41-0665b870a633','457fc870-7fe4-43bd-90ff-10c1518a7530',1617929304571,1648350730992),
	('d35077f8-b44a-4a3e-b220-c21694e16f96','0cedeec0-59aa-4bc8-bff4-a60fbbc12b3b',1631312320430,1672410209507),
	('d3e20e47-8c5d-4a16-b96e-3df0a61f7952','3a6748e2-7671-4d71-a59e-e95656278a90',1617477978091,1665282947096),
	('d3eb368c-e398-436a-b125-c77e9a51e086','bea4aed8-2b5f-4a4d-8c84-125fcf357252',1628636060381,1646587223178),
	('d441f4b0-258f-463e-8dc0-afe823e52634','b8e28301-acdb-49c2-a831-4b0b9c5ffa4d',1619390581280,1651461652113),
	('d4de8659-7589-4b85-b422-5d3c817cccac','2a27cb0f-a089-4ffd-9108-c3b3d2ab111d',1630022709146,1666908002959),
	('d638f3ae-fb23-46e6-b34d-5d296eb1866f','78e0d8ad-2021-4fbe-9bf7-9f2d129aecba',1642321582515,1645858870750),
	('d65a01a6-f09f-4967-9c0e-7f8a74545e53','88473cca-28ea-4eba-99eb-e09925e4752c',1635195331443,1646885026386),
	('d6983fbb-40bf-4b1d-bd25-5399a65734b1','4097afbf-1bcf-4332-a8ec-7d089340e5cb',1635267960145,1646020988482),
	('d7e49413-89bd-4f25-96da-734736c4cbcc','0fb0a1fb-a750-4bc6-8691-f4f353145bb4',1640990028848,1656672951669),
	('d8541f03-27f8-40d1-8f49-240fa3b7a33e','a377d020-bf7f-4ca3-84b5-148947e3df53',1628884824797,1649074534500),
	('d9c67258-e3dc-4d3b-9ae5-7124113160f9','a3b43a09-f958-42f0-97bb-942515eca723',1643056732986,1643870954701),
	('da10eb35-880d-4cd9-bdd2-c1af32248efe','b5ea3995-f30b-4f1c-ba5b-4c537e267a9b',1612695933026,1672219063057),
	('da4ceef8-516e-4610-bea3-77191ccf5478','f2deee30-ceee-4a44-a5f6-c1b47fbbaa43',1619066960407,1647554172111),
	('da646ff4-5d7c-487b-80e9-77f3546d1769','a44f034c-41e2-4748-93cb-47a142ced4dd',1616684868943,1656175929027),
	('db4944a6-b422-41ce-9803-38fd6bc90dfd','b023ae54-ff26-4bb2-8c46-fd792fe1474a',1642915247631,1651862043467),
	('dc509f2e-95c1-4ce4-b050-f2083580efc0','54b013f5-7aa0-4b52-b933-a66cace20a78',1624317553787,1661623775118),
	('dcf8e4f1-107a-4588-85ab-cddaadc7455c','fbf963e0-5e79-46c4-be1a-b9f62cd6a35f',1612099984932,1660695821901),
	('ddafcc13-76c6-4471-80a9-ccaeda954e50','8c5f723c-516c-473b-9d28-9bb0e656abf6',1620957167363,1647148071059),
	('ddda11ce-91b1-4ca9-bc52-e4f2c1be5233','253f020a-e9f0-48c1-9045-2559b0727707',1635634010186,1672574587268),
	('ddec18fa-5e22-4779-91d2-89507668bda8','4dc51f2e-ef33-4dd2-b0c9-fc55ad7541be',1616721460515,1668684845856),
	('de8203d6-7ad0-44fe-bd96-700f147f4fc8','17406bd8-76ac-4323-86fb-c682c9382f63',1632022950476,1644135669505),
	('df2cd204-2ace-4642-bfde-ee2f57da7ae9','5dfaddaf-8505-4e91-b963-588c308a4402',1640673685357,1667787804282),
	('dfcb71a2-e3b2-4753-b7af-b49a29862d29','7b1ffdd5-7cf9-4d00-b718-dc2670eb1fd7',1637097611617,1658324192935),
	('e059dda1-852b-4444-9c22-2d1d7e66c4f1','8a1906a8-54a4-4adf-99e4-f4d8cd283127',1619251439494,1652739807713),
	('e0727b04-b892-4f25-becc-c3634615b4fd','960b320a-57b8-4c11-aec9-a42f821dab9d',1623060328389,1646891827457),
	('e1156091-3c25-424e-bcfc-b6a991951d1b','40d69304-57de-4066-b78a-586d4d3a56e0',1633503656046,1646529112878),
	('e1bc7c4c-709b-4467-882d-33c74fd80d81','bcfcdcc5-197e-46c3-9318-b46278ad0000',1626904166755,1667871371251),
	('e2e0ab3d-c4a9-410e-89bf-f3c599412b9d','c3f5b596-eb23-4749-98f1-d4989e21b865',1630975164625,1670001939966),
	('e356cff5-096f-4902-a2cd-9a97fe4009c4','1b51fbfe-92e1-4a14-a670-678618565924',1625361780770,1674818600308),
	('e5a18a17-c3a5-4cbc-89a7-d2228d3422db','23f9c7d7-d11b-40b2-9cdd-029e265f3c25',1635019521877,1643639917043),
	('e5d000f2-886c-49a1-bf88-3e74cc638b9c','305503e1-123f-4d47-859c-24bbb2eb8c9a',1634599496616,1647113147895),
	('e5e87ed4-2a3c-4009-a6c0-8f256512ef69','4cf97384-358d-4e68-a1db-55e25559400b',1640466647553,1657831191453),
	('e628ea60-e3cd-4c31-9c18-f96953c2236a','c3936db3-64c7-4820-a5e7-ab3094d0e6f9',1625794357692,1664571449078),
	('e6569018-9684-40a6-b0c6-7806472e9955','94ac5d3a-0de6-421e-a0af-00b197e4e2dc',1615967952907,1659778474238),
	('e6588e3e-6ebf-41b4-bbea-c9d7fa77a8a9','b480c9b6-8d64-4aec-809e-3ede8c64c165',1616067658217,1654636058470),
	('e65eb0b6-2263-49db-b05f-e5fc56efe4a4','93eaef01-7f45-44b0-95fc-6bcfda8660de',1633306550993,1656553767931),
	('e6fcfbe2-7a44-4445-be02-46726ad4d7fe','5d2344bf-60a1-416e-8181-53fb04bd0f81',1638497180991,1663067219343),
	('e8126e9b-94bd-45c5-99f2-2f0165d0767e','b700323c-4130-4747-8111-09fe13a2e405',1613313191313,1649808220150),
	('e83f2ae5-e237-486c-94c6-2ef1d1086d04','f2ce8030-8bdc-4f79-9b50-f09bcf5ad86b',1643046723078,1665352206246),
	('e90f0a0d-5a95-4b68-aceb-c3df7b4e40af','2aad8751-e9f8-484c-9c4b-acc0be9df0d0',1619408232555,1652818254013),
	('ea5fb72d-1126-4c9d-b469-d3143db02c2a','9e12f36c-54fc-4eb9-8b62-d8537cd80842',1612432593986,1663369893203),
	('ea7d1012-d1f3-487f-831c-f0d1a9597932','af05c718-2494-4f21-ac98-7159ed81eb63',1613382634821,1656793880719),
	('eb416c59-e29e-40d9-badf-cd658f46aed6','53c8bf6a-c9ba-4ce5-bc85-6260d17560e8',1630583307992,1664793815122),
	('eb5b9311-3775-41a6-9f6b-0cf2347b74a1','dba7d238-85cd-41d1-b4f9-023bac3019bb',1618053958805,1660169832380),
	('eceea6e9-3cd1-4a95-a20c-670571670d7d','e5954c20-8ffd-4fba-a276-5e474827e17d',1620970954097,1670900066916),
	('ed42f6be-da6b-4cee-8bd9-b47dfac41093','66305c42-3d0e-4921-8782-6a5a76ab4389',1625518980545,1672927544567),
	('edc1b9e3-2444-49aa-b84a-29ef6f1ec337','c9b102b5-aaef-4e0b-9fdd-5f53ff215ffb',1613923546097,1665761735785),
	('edf3ecfa-ab12-485d-9687-ce8ed2ca69fd','11c7bb5b-afc5-4ba4-930a-49855333ed3a',1614576885698,1670711162788),
	('ee490756-f3e0-43c0-b7b7-6fa6674872cd','73babd59-92f3-4d7f-a9b1-8cd372e20e11',1613153306550,1651854079341),
	('eecd223b-e8c1-43a9-ac77-741e54e622e5','e84756f7-16ca-48b3-9750-a804f0da11e6',1623006973066,1648570174444),
	('ef0ad527-4cb5-4a3d-8f37-e4eff980f2bf','eb9ea0d4-df49-4226-906c-9d82b9681d7a',1623919164217,1665818884539),
	('f1cc5489-0ca9-4a42-8527-d11f21bbf11d','452110bf-d0de-4067-8ad9-76b98a37065a',1625758832445,1659554036265),
	('f2b02c97-6596-4f1f-b470-404090338ab0','522e05d2-5cae-4093-abe7-e490e48f55d7',1643222860211,1652662058956),
	('f2c1c2f4-0a12-4661-9caa-2ea32b2a6eaf','d84c5740-ab3c-446e-a968-d374411f2de5',1620291348753,1673793037329),
	('f2e5dbbb-9c74-478a-918a-e47b5c2c8890','7e5919a9-74ed-4234-b7c6-a50885123276',1621057974968,1648220712332),
	('f3af746d-de99-4c83-bf82-fc248350d5b1','e783a7ea-e412-45ae-9860-aa08a0e58289',1636236484666,1667985897674),
	('f4937560-be1c-4f16-be53-8412ed76720b','2c80d2cc-c7ca-455a-b8bd-094050cbc443',1629710762512,1656273399748),
	('f5f0bae2-e8df-4dae-ba79-4b25dd5cae64','5552403c-9242-47b6-9faa-c06be3b9e742',1624217689847,1672752768870),
	('f6077d66-6881-4ed2-afdc-c133a82a3414','f99d51a9-800d-437e-a7e7-570beb97e8f8',1627684637408,1664241874609),
	('f61f5492-d9df-4f36-a30b-2fecc7b33812','7c0c4897-526a-42b9-b84d-b860ef8dcb14',1638658349773,1653401274858),
	('f80bb254-b076-487c-8b5f-c61df352c436','2e19f837-abf3-4835-a2e8-4d12b91ade9c',1614225054406,1646653644438),
	('f86907a0-3e97-45c3-8322-c06cae82e617','0b2537d6-0850-4506-ae4b-0935046b95be',1622702544722,1651525112175),
	('f88697fb-55d4-422f-a89f-274edec03168','2689d838-6da3-4ae0-b011-bf7dc7985ef5',1613161143728,1664030803585),
	('f8c2d928-9413-42d4-8793-a69890c8b861','d429072f-61b8-4a45-9a00-569ed73d009d',1634787387737,1643819580823),
	('f8e5ad99-b28b-4a1d-89db-fe3c5b28316e','57e7169c-dace-45fb-abc8-25fe06f89d68',1624786273277,1660388992210),
	('f90a1f76-055f-4478-a12b-65fd29f9be85','a9b1dbab-3c87-40a1-b230-479d7d0b3609',1640272089322,1671443851973),
	('f9662f06-fc62-4531-857a-ff9c7fe172be','4aefd7cf-a90a-43ed-8caf-297cf92afdc1',1643272871554,1664683456055),
	('f9e28830-6dc8-415e-bb37-f803bf56f57c','29965083-41af-4fcc-8764-5200e98638de',1629822891871,1664647306995),
	('fb3e691d-a65c-49d7-a26f-43497035145c','85e7d81f-92ec-42b9-8c2d-859968e23e57',1632760638414,1660157045476),
	('fb50fbc7-34c7-46d3-85e5-39c4802175c8','8969cf3f-640f-49b1-8f8a-9780b558d342',1627640022416,1652706088708),
	('fc1cfd54-42db-440b-84b1-55a0660cd65a','a98cb09a-3144-4bb4-a47e-0fc503a09b36',1629417449077,1670043196600),
	('fc4d0cdf-69af-4daf-9ac6-2c94a64ac724','f6137f9d-20d6-4f20-9a1c-9b88318ec255',1620192053274,1652061514582),
	('fe4d9f1d-24af-4745-ae8f-389749ac8aea','131a25d4-6020-4751-8295-dda270354a61',1635920182758,1647909376123),
	('ffca9ef4-9014-4f88-ac11-de3928e3aa85','2ed145a3-9682-4e5a-8fbc-67bb24d6f970',1620105656361,1647049294613);

/*!40000 ALTER TABLE `dept_manager` ENABLE KEYS */;
UNLOCK TABLES;


# Dump of table employees
# ------------------------------------------------------------

DROP TABLE IF EXISTS `employees`;

CREATE TABLE `employees` (
  `emp_no` varchar(36) NOT NULL,
  `birth_date` bigint(20) NOT NULL,
  `first_name` varchar(30) NOT NULL,
  `last_name` varchar(30) NOT NULL,
  `gender` varchar(36) NOT NULL,
  `hire_date` bigint(20) NOT NULL,
  PRIMARY KEY (`emp_no`)
) ENGINE=InnoDB DEFAULT CHARSET=latin1;

LOCK TABLES `employees` WRITE;
/*!40000 ALTER TABLE `employees` DISABLE KEYS */;

INSERT INTO `employees` (`emp_no`, `birth_date`, `first_name`, `last_name`, `gender`, `hire_date`)
VALUES
	('0054479d-3740-4374-a2a3-370358b149d8',1642308795237,'Jillian','Swaniawski','Asexual',1629792979252),
	('011a4c36-bebe-4fe1-9df7-4f4b79cb82a8',1625879318100,'Violette','McGlynn','Cis Man',1633137087866),
	('0192d4a9-5138-4f98-aa20-edc133b7dc91',1637567883713,'Stevie','Hodkiewicz','Transexual Woman',1628940691420),
	('02627276-0549-4f18-b4ff-c6c4c161d6c8',1631278066659,'Valerie','Macejkovic','Hermaphrodite',1640181671921),
	('02e22813-a2ce-458c-add7-c47346f216fe',1626277566810,'Josh','Kling','Two* person',1613620320191),
	('03cd0bed-100a-4e3a-8c6e-1ac225f9d65e',1613070093146,'Audreanne','Hilll','Trans Male',1626878941208),
	('03e0b9c0-1fb4-4cb8-a1ec-0915ac48600a',1622815208769,'Maud','Johns','Neither',1634055884077),
	('04d4af8b-d191-4140-8c3e-b9a95db6b8a8',1618951572545,'Roger','Beier','Androgynous',1631043609343),
	('057b859a-e97b-4614-a2d3-896032ac02e6',1640125214050,'Raul','Becker','Cis Woman',1637323181066),
	('0646b35a-4167-46c6-b5c4-941ee94d0d7a',1629589813564,'Marisol','Kuhlman','Male to female transgender woman',1619945911947),
	('066c63e1-8cbd-4315-a08d-6a133f17030d',1640205019421,'Kennith','Labadie','Genderqueer',1613085515012),
	('086b6bc4-385c-4f40-a736-39177963d4ad',1623060543300,'Jacklyn','Aufderhar','Cisgender Female',1635089483808),
	('089b9b70-9a38-4219-86ec-d121308d5f90',1636682284645,'Paolo','Kreiger','Trans Person',1639637093556),
	('091fdf03-1384-4506-a486-dba0ab94f0b8',1615330623023,'Shaun','Runolfsson','Trans*Female',1643444965198),
	('092f3a16-6388-4b1b-b7d4-cdc1adffbd87',1624988275672,'Leanne','Trantow','Genderqueer',1620484723379),
	('0950142f-8ed5-4eb8-a6ff-dc9135eb60a7',1642416223817,'Orlando','Stroman','Transgender Person',1642080836053),
	('09ed8e37-e46a-406b-b559-397c2fa4ab64',1621416720458,'Hillard','Kassulke','F2M',1632594641441),
	('0b2392bb-2b03-44db-966f-dadd97eaf5f4',1627756067264,'Winnifred','Crist','Transgender Person',1634095120661),
	('0b2537d6-0850-4506-ae4b-0935046b95be',1629194972518,'Virginie','Stiedemann','Asexual',1633304655077),
	('0b927e7d-8d1d-40e1-a71b-eb75748e2ba6',1622572752717,'Nella','Mueller','Other',1619237158727),
	('0c1bfb24-55bd-40d9-8246-aaf2c51d0159',1641675449691,'Lexi','Champlin','Gender Variant',1627810057306),
	('0ccc3dbe-eb06-450f-8e03-088dc455f1b7',1624578511042,'Justina','Zieme','Gender Nonconforming',1630952812835),
	('0cedeec0-59aa-4bc8-bff4-a60fbbc12b3b',1613536411266,'Jeramy','Howell','Transexual Person',1639363826462),
	('0dcb7394-97e7-4f48-a438-5131d04e8f27',1628203116036,'Lucie','Graham','Female to male transsexual man',1634081884675),
	('0f636ae6-323e-455d-9245-98f3e19d58bf',1639940815414,'Kaley','Hamill','Agender',1622065722712),
	('0f6ac727-4f7f-40fd-a5fc-2b33ede9e4b8',1626224321866,'Marta','Koelpin','Male to Female',1638743770378),
	('0fa514cd-5176-44e7-89c5-0061be90acf4',1642032431979,'Eduardo','Mayer','Intersex person',1621734285547),
	('0fb0a1fb-a750-4bc6-8691-f4f353145bb4',1627657921099,'Wilhelmine','Botsford','Trans*Female',1626022088326),
	('101ce52f-ff74-47a2-bb2e-88f3890aa085',1622152244595,'Madeline','Fadel','Trans*Person',1613199629352),
	('11c7bb5b-afc5-4ba4-930a-49855333ed3a',1633371302183,'Quentin','Rippin','Cis Woman',1636909765040),
	('126f08ff-96e6-423f-99fb-79c582c1eda1',1639734374475,'Lynn','Labadie','Trans*Male',1613391612158),
	('127d5a65-ba56-47a8-9506-c0966a306c20',1635276515404,'Alexys','Casper','Two* person',1612934147490),
	('12be3673-91fe-4e3f-9d56-ae87bf6bbfe1',1636735562107,'Celine','Doyle','Trans*Female',1639444020432),
	('12e8438e-93f4-4c32-8777-bc8434061486',1635417315923,'Demarco','Altenwerth','Transexual Person',1620144329997),
	('131a25d4-6020-4751-8295-dda270354a61',1626780135474,'Vena','White','F2M',1621572754504),
	('14455a69-36ae-434e-a6b3-87fea4fffcce',1639706939457,'Justice','Zboncak','Man',1626584382384),
	('149ffe60-fd0f-431f-bf0a-aaa23fc57823',1618380177424,'Lenora','Larkin','Polygender',1632566382823),
	('14ef4acd-228d-477a-b3bc-af85a163894f',1617368037823,'Dion','Stanton','Male to female trans woman',1634200412627),
	('1527d8f3-4d54-4ace-8b6a-a533e79529fb',1615222264352,'Sage','Dooley','Androgynous',1616718695956),
	('16843a12-0780-4253-b515-f2140afcd5bf',1640615803482,'Spencer','Kub','Cis Woman',1614934287763),
	('16e02e0d-0ec2-4dd3-9d99-0e684e372c7a',1616274338283,'Jed','Weimann','Female to male transgender man',1619803862037),
	('17406bd8-76ac-4323-86fb-c682c9382f63',1637175489585,'Merl','Rogahn','Transgender Female',1615331598284),
	('177165ce-fdb0-480f-8b51-31dd941fc597',1631094342566,'Madeline','Greenfelder','Polygender',1637136526070),
	('18649932-606f-4222-a8b6-83c96c561b26',1620292607021,'Jayden','Rippin','MTF',1634430838523),
	('18b3900b-8c8c-4760-af8a-ac7bd20078b5',1638435539048,'Myra','Schinner','Female to male trans man',1619930394568),
	('1a05c0f4-7c98-46bb-b8ba-d1e94eb87439',1630005488833,'Quinten','Predovic','Two* person',1617195298775),
	('1b256ea4-c96c-4b00-a971-c0d1eab9180a',1638907963313,'Raven','Mertz','Gender Variant',1631998319417),
	('1b51fbfe-92e1-4a14-a670-678618565924',1627964478454,'Velva','Bogan','Female to Male',1614616324454),
	('1c057436-f7cf-4e02-b81f-5ab85cd38900',1623209290125,'Clinton','Bergstrom','Woman',1625026467919),
	('1c26a56f-85aa-4ade-81ee-9acf831b0013',1615838631552,'Garrett','Grimes','Male to Female',1622659274688),
	('1c57bbc6-0d42-43b6-8694-52fe4ceeb27a',1627743526252,'Korbin','Kunze','Female to male transgender man',1641809470960),
	('1d50347c-2a85-436c-8b03-6fd4aee202cf',1617932670315,'Jeanie','Legros','MTF',1638036150585),
	('1d60d343-bc61-472f-ae09-9f7431c22790',1643048005269,'Alvis','Hills','Androgynes',1617852122367),
	('1dc31c6d-f7bd-4feb-8906-736d3105d2d3',1630540456670,'Sigurd','Hansen','Intersex woman',1620250307802),
	('1ed5427e-355f-4259-b6ae-a49a81b6126d',1626616994152,'Kyler','Grimes','Agender',1633860090088),
	('1ef4e91d-1e70-41d4-a97d-3a0f27716961',1642908746128,'Virginie','Stamm','Neither',1634554810164),
	('1f388f90-d6c4-445b-abae-1cf9209a7f9a',1623080602590,'Hassie','Anderson','Intersex woman',1640746575090),
	('1f7663ae-6d9f-4587-b616-8eb149eda269',1617228042407,'Malinda','Wilderman','Intersex',1628582003295),
	('1feacdd4-d4ff-41f7-93d5-39d3a1eefc9e',1625637131788,'Bailee','Hartmann','Androgynous',1630423041085),
	('209637fa-282e-44be-9511-fa873398c450',1620256133834,'Laron','Smith','Gender Variant',1624000454173),
	('217f7e95-8a56-4c69-93d3-867c224f20da',1613924700004,'Hilton','Hickle','Male to female trans woman',1629230035944),
	('21b0660c-7aa8-4040-8cd3-02550d908897',1613284301609,'Lloyd','Grant','Cisgender Man',1634071739495),
	('225bcc97-3bf2-4a27-873e-e20aa16d8457',1615073349200,'Vito','Wintheiser','Gender Fluid',1639991507885),
	('22875b6d-b18b-4ec6-b5f8-04e37e7b5a5e',1641029227446,'Stephon','Morar','Neutrois',1625445636035),
	('229181a7-ba22-44ba-b3f4-c31280942265',1638901987093,'Johnathon','Stamm','Transmasculine',1631419993557),
	('23861889-ed59-414a-882b-b66d9ce42134',1617601605048,'Arnold','Schaefer','Transgender Female',1641828838752),
	('23d2decf-5bfe-4614-83e8-411ee167f438',1622228413806,'Elenora','Sanford','Woman',1623334259676),
	('23f9c7d7-d11b-40b2-9cdd-029e265f3c25',1637332047935,'Name','Rohan','Gender Questioning',1631040743290),
	('245d93af-e691-4143-bfea-548b59351bdf',1625140986405,'Cameron','Jerde','Transmasculine',1620772390470),
	('253f020a-e9f0-48c1-9045-2559b0727707',1614025403850,'Mae','Ruecker','Cisgender Male',1615066143077),
	('25463e06-67f4-4917-90ff-035b238c6c0d',1616525996559,'Selina','Durgan','Transexual Female',1616700153674),
	('25dfd035-15e1-4461-b0de-8ec677bfc8c7',1622736056791,'Grant','Kautzer','Cis Female',1616929301944),
	('261ab1ec-b05e-4572-8fe6-1900cbe74061',1638334371109,'Henriette','Langworth','Woman',1634965441376),
	('2654baaa-6eb9-4aaa-a141-5415ed930948',1643264230937,'Marcia','Kuphal','Intersex man',1641890950571),
	('265722ee-89ef-4b2b-9c0f-04330d8a2e5a',1619198457995,'Warren','Ledner','Bigender',1630498739211),
	('265cd52c-c31c-407c-89ec-3e3ae179b8d2',1639483005160,'Enrico','Rath','Male to female transgender woman',1620515145383),
	('266e1454-fd00-49b2-a920-87dfb8075fef',1616402383217,'Alene','Turner','Gender Nonconforming',1619361191862),
	('2689d838-6da3-4ae0-b011-bf7dc7985ef5',1641389438760,'Corine','Leffler','Woman',1627106946175),
	('26a996c5-c598-449e-8df1-5fdd3e2b67bc',1612024044228,'Morton','Ferry','Gender Variant',1643469348258),
	('2872fa13-6536-4ca7-b891-e5ecaff9695b',1632093491110,'Abbigail','Rippin','Transgender Person',1629042741581),
	('29965083-41af-4fcc-8764-5200e98638de',1612995029939,'Jacinto','MacGyver','Male to female trans woman',1631184620806),
	('29f7e031-a891-4790-97cd-3bd53caf5177',1638602181720,'Kaelyn','Cummerata','Cis Man',1639325712625),
	('2a27cb0f-a089-4ffd-9108-c3b3d2ab111d',1636226564912,'Camren','Gusikowski','Gender Nonconforming',1635286444218),
	('2aad8751-e9f8-484c-9c4b-acc0be9df0d0',1617620919244,'Evelyn','Dickinson','Female to Male',1628510352842),
	('2c80d2cc-c7ca-455a-b8bd-094050cbc443',1632032941500,'Destinee','Stiedemann','T* woman',1615965450399),
	('2de50ac7-d06e-43f5-b69b-79be8ba9e6ea',1642675797008,'Marian','Greenholt','MTF',1635017516388),
	('2e19f837-abf3-4835-a2e8-4d12b91ade9c',1636319634727,'Randal','Gusikowski','Cis',1633673012241),
	('2e39d002-7fb5-4b58-8e22-81b849d16f1e',1619678078890,'Juliet','Dickinson','Transgender Person',1642744418159),
	('2ed145a3-9682-4e5a-8fbc-67bb24d6f970',1629034506579,'Loyal','Monahan','T* man',1624979025894),
	('2ef63e91-b9ea-49c9-a2a9-8e26ab387443',1629279332189,'Domenic','Bailey','Intersex man',1622902711958),
	('3007577d-27b1-4d1a-a3d9-a9f1ff43aba5',1621899595948,'Courtney','Von','Asexual',1631413162246),
	('305503e1-123f-4d47-859c-24bbb2eb8c9a',1639033051780,'Madge','Pollich','Two-spirit',1627306103017),
	('306ef61d-3e06-40e6-a709-2b9f718346ac',1641229873746,'Rosella','Mosciski','Cisgender Male',1643428324649),
	('3082c098-3c0a-419b-ae4d-0c9fb02ff200',1614432617778,'Naomi','Strosin','Agender',1637591393846),
	('31586798-45ce-49e6-8afb-98d416037b7b',1633011669975,'Libby','Bode','Transgender Female',1622059240753),
	('31d29349-c59c-479b-a92e-44d65a41f503',1613801312422,'Pansy','Metz','Cis Male',1615077139532),
	('31eb534a-b119-49a6-9b90-661e66a64dd2',1629012006248,'Layne','Casper','Gender Questioning',1616248484971),
	('32a31233-529f-4ed7-b826-b2ec48102669',1631959940241,'Hazel','Glover','Female to male trans man',1612978536608),
	('32b5f69d-790c-442e-89bc-701973ae6882',1628356989417,'Litzy','Wuckert','Androgyne',1640863722481),
	('32d80d80-6987-42c2-953c-8bd7acfc4a53',1641045572227,'Keven','Ruecker','Female to male transsexual man',1626589661209),
	('32dfcc0f-b530-43ba-b6a6-96cde446c20d',1624676851000,'Raymundo','Hirthe','T* man',1619626145113),
	('33c168d1-9b57-4c29-9423-913733052df6',1615993840015,'Ryann','Wiegand','Polygender',1622619177725),
	('348cd827-c257-4002-bcd2-930d4f29a018',1622461501919,'Karley','Carter','Woman',1630748522631),
	('34c7edf8-3259-4020-91a7-603df6e3725c',1621534042527,'Jaycee','Ritchie','Two* person',1634245901256),
	('34cc57b1-4d9e-4d1f-b201-52f1065043ea',1621742117033,'Liana','Ratke','Cis Man',1634950870745),
	('3514f172-f0ff-4e86-a3cb-ec217ab01625',1623789626620,'Dario','Krajcik','Cisgender Female',1615139492062),
	('35384832-73ff-42ec-b6a5-3951f4bf4028',1623809086881,'Shayna','Walker','Intersex person',1638149590800),
	('35e2bda3-6db4-4b30-a0b7-0a40f1d52f04',1622408443130,'Mario','Roberts','Trans Man',1614278666078),
	('391f41b7-f26a-4a1c-94cf-bbde49fa8acd',1635407849759,'Julien','Boyer','Asexual',1624928133856),
	('3a6748e2-7671-4d71-a59e-e95656278a90',1632799989692,'Erich','Mante','Trans*Male',1637797389158),
	('3c747cf6-391c-48e2-b0a2-72f1e0223af7',1634308455331,'Jerrod','Altenwerth','Male to Female',1628002874212),
	('3cb3973f-2db0-4ac7-b1e5-75914e49154d',1625202358891,'Barbara','Spinka','Transexual Woman',1615242400109),
	('3d9f96dc-fe72-4d71-97f9-51212fa5fa9c',1629264719962,'Trystan','Koepp','Neither',1623470850521),
	('3e145967-4a7d-4862-89e6-6b03d96f9ab6',1624149243093,'Arielle','Walsh','Transgender Female',1619311991691),
	('3f9b8db0-db1f-446d-8b57-566ece1202dd',1630347807638,'Eda','Daugherty','F2M',1624165608577),
	('4097afbf-1bcf-4332-a8ec-7d089340e5cb',1640254811406,'Lucio','Crist','Transgender Person',1615095674662),
	('40d69304-57de-4066-b78a-586d4d3a56e0',1637586479674,'Romaine','Kling','Trans Man',1629712722534),
	('411ffd6c-c609-4a6f-bed9-9a264fac2102',1616255034269,'Stacey','Waters','Bigender',1643023337616),
	('418388a3-656a-41c7-822e-6aa73084dfb1',1638742744508,'Dolores','Kozey','Agender',1638997549375),
	('42799b69-adf0-4cf5-93a7-f642446cee70',1626987969434,'Kenya','Hessel','Pangender',1634908060071),
	('42b61510-1f74-4913-a731-15c06d69bae7',1634617731764,'Derick','Altenwerth','Transexual Person',1639449556650),
	('4321f8a3-e0ed-4aa4-b0a5-e3a1ce6f197d',1640906354853,'Cathy','Prosacco','Intersex man',1619715921594),
	('43dac8a5-d204-4f4f-8cb6-1e1370fa3193',1619627459264,'Taurean','Marquardt','Trans*Man',1625701579851),
	('43db978a-e618-423c-92b1-fa1f44da61eb',1616116187059,'Ethelyn','Graham','T* woman',1619164363290),
	('43dc6511-1c4d-4e94-b9e2-1bfef587f28f',1613179054242,'Santiago','Greenholt','Two-spirit',1625782642615),
	('450a6372-2681-48bc-8f83-32ea13698d99',1619758807390,'Waldo','Schroeder','Intersex man',1623415371040),
	('452110bf-d0de-4067-8ad9-76b98a37065a',1616884368285,'Mariah','Dietrich','Androgynous',1635695522926),
	('457fc870-7fe4-43bd-90ff-10c1518a7530',1634603303799,'Jaeden','Wilkinson','Cisgender Female',1629738695366),
	('46133580-e16a-4d33-911d-f4522e116d86',1638407993812,'Loma','Considine','Trans Male',1627613236542),
	('4662e39e-58a6-4918-aee7-3e9d1f77e224',1632257411767,'Myrtle','Welch','Gender neutral',1632939066915),
	('4664ad8e-d4ef-41ac-9827-64787652bcbd',1617277106980,'Gracie','Volkman','Bigender',1618319338940),
	('47171aff-b3f3-4963-83b7-49534e8942df',1618757755033,'Bailee','O\'Kon','Cis Female',1626336255276),
	('47aee8d9-88ec-4d8e-8d46-001713992479',1612150301269,'Pauline','Prohaska','Transexual Person',1620568297556),
	('48942e12-3ddf-41b8-a2e6-17f66b78f945',1642155257073,'Ada','Kautzer','Transexual Woman',1621228700163),
	('48c52913-29a1-4661-9d6b-f6d4675fbe51',1636464339425,'Coby','Schuppe','T* woman',1633348507006),
	('490a7ca4-0d78-4de0-a0e2-8b4dd7107d7c',1623069525923,'Maci','Langworth','Intersex man',1628488497040),
	('4936fb4d-8da2-4132-b59d-f7a659920ab2',1636618864133,'Bessie','Ortiz','Gender Nonconforming',1629211476756),
	('4a1547ad-56c3-4865-b42d-c84a047d2b90',1639687793923,'Judge','Nicolas','Gender neutral',1638985784090),
	('4aea6c18-2b8b-4838-9067-6a87ca7b3bd6',1633829090374,'Elvis','Bode','Trans',1622302030212),
	('4aefd7cf-a90a-43ed-8caf-297cf92afdc1',1630634093983,'Mohammad','Douglas','Transexual Woman',1614940541726),
	('4bedce2a-1250-410f-b65e-568901639faf',1634919782932,'Addie','Stark','MTF',1637806364265),
	('4c77524d-f4b0-4784-ae7c-0512993a4fea',1619448075312,'Jacey','Senger','M2F',1622455513550),
	('4cf97384-358d-4e68-a1db-55e25559400b',1626819422616,'Armani','Kessler','Transexual Male',1624388267398),
	('4d84dfd2-bdb7-4ece-a89a-646fd19ef569',1638303120811,'Quinton','Predovic','T* man',1636705244225),
	('4dc51f2e-ef33-4dd2-b0c9-fc55ad7541be',1640506058670,'Lois','Dickens','Gender Variant',1616852399263),
	('4ebf5d50-41eb-48ef-adeb-88ab2a662ca5',1630303776662,'Queen','Hayes','Androgynous',1617437232813),
	('4ed91868-da4b-4231-9ef1-0a5de27d71f7',1634747219040,'Chris','Stoltenberg','Two* person',1641049770742),
	('4f06f37c-7dd7-42b2-8762-ca306f014220',1617655986903,'Kurt','Herzog','Androgyne',1614734081311),
	('4f2ffb58-79e3-46bb-b71d-8562650f2e92',1632563129752,'Dorothy','Schiller','Gender Variant',1639475003829),
	('5055f0f2-a339-434b-950c-b95aa7201470',1634702605347,'Lysanne','Dickens','Two-spirit person',1612871922737),
	('50e47382-0ea6-4877-8752-57cf25ed4103',1630963086972,'Anne','Murray','Trans*Male',1628833456749),
	('522e05d2-5cae-4093-abe7-e490e48f55d7',1639443183059,'Ardella','Bergstrom','Gender Questioning',1638204394004),
	('5249386d-e21f-4507-b81a-1b85c1c67452',1617168255719,'Imogene','Erdman','MTF',1642296853496),
	('525ee02e-6437-477d-b347-7cff2c59f313',1617523360654,'Joanne','Bergstrom','Trans*Woman',1635065481113),
	('52669159-9284-460d-839f-fd8c25b9147c',1622568654384,'Durward','Hoeger','Agender',1611990897622),
	('52713665-b0f0-43a0-a97e-f892046d1e89',1632196123894,'Shawna','Walsh','Neither',1642155705754),
	('534ba244-2825-424d-bb13-9c659f182c8f',1642434669481,'Darien','Sporer','Hermaphrodite',1621034855955),
	('53520ca4-2715-4ffa-a603-72315af61605',1640062285992,'Kaden','Hammes','Gender Variant',1620771143528),
	('53c8bf6a-c9ba-4ce5-bc85-6260d17560e8',1620005929682,'Syble','MacGyver','Cisgender Male',1625801872666),
	('5413c0bd-e3fd-4bc4-9337-4c99d91ef355',1617418963572,'Natasha','Price','MTF',1623055476263),
	('54851f31-da0f-4e37-9ccf-eee266a2114a',1633194930197,'Mayra','Littel','Gender neutral',1633242642096),
	('54b013f5-7aa0-4b52-b933-a66cace20a78',1633967749621,'Vincent','Greenholt','Cis Woman',1635127238516),
	('54bca75c-f7f2-48e5-8944-5c19b1f9b904',1621280896098,'Kaci','Upton','MTF',1617028399216),
	('552dbd2d-4da3-4de7-a4f8-b72b6919317a',1633078834786,'Vernie','Blanda','FTM',1639826835903),
	('5552403c-9242-47b6-9faa-c06be3b9e742',1629065399506,'Nelda','Nolan','Trans*Male',1615299801542),
	('55b84be8-1dad-4f86-8309-47f73b549c4a',1630938098094,'Eunice','Reilly','Polygender',1618582470351),
	('56db6893-8310-43e7-8a86-3d3f364f0813',1638519047083,'Adam','Schulist','Male to female transsexual woman',1623880311926),
	('5741ab7e-9519-4537-b496-f25e4d692291',1629606359230,'Hildegard','Fisher','Intersex',1640790351552),
	('57dc3cd4-1d7f-45ce-bfe4-1f2a097c168d',1629203107772,'Jazlyn','Brakus','Trans Man',1629421972716),
	('57e7169c-dace-45fb-abc8-25fe06f89d68',1630658262134,'Austin','Jenkins','Gender Questioning',1620501408653),
	('5808666c-05eb-44fe-80b4-ea62106c1fb2',1632513177612,'Catharine','Leuschke','Transgender Female',1629034308291),
	('586cfedd-24b8-4a51-85e5-f165c542c454',1619640249441,'Bethel','Abshire','Trans Man',1634718394444),
	('58e00591-6923-4305-9267-816d27bc688b',1617103977476,'Declan','Mills','Transexual Person',1620211500298),
	('593f250d-783b-441d-9fa5-8d36bc80a229',1624028775603,'Jettie','Purdy','Androgynous',1636718143031),
	('59995bfd-4b73-4c63-abca-cc2fe3e0bbe4',1619411346328,'Aubrey','Runolfsson','Neither',1638221062681),
	('5ab619a2-e98c-420e-8419-ba967193ee71',1637200994259,'Cassie','Pfannerstill','Intersex man',1613872369028),
	('5c102ca8-200d-4381-90e4-9c7cd1274cba',1628262471339,'Darrin','Graham','Trans Male',1643002873185),
	('5c56967d-12aa-42fa-bda1-1a0cfe185f84',1638690786674,'Briana','Beier','Cis Female',1630074219473),
	('5c8b6dcc-2ae1-4e39-8e57-242aa84e5505',1625684993867,'Amira','Schulist','Neither',1630419274000),
	('5cbbe73b-6574-48b3-b39a-3ccc59c125f8',1638449132498,'Marion','Emmerich','Trans Male',1626267806379),
	('5cc35080-abeb-4351-bc23-657596fb4db5',1631691472442,'Kayla','Gutmann','Trans Female',1621336668881),
	('5d2344bf-60a1-416e-8181-53fb04bd0f81',1633667118788,'Reilly','Bosco','MTF',1632340283791),
	('5daf05c0-55a4-4558-9bff-b40ca0660b5a',1629714556548,'Delfina','Bailey','Transexual Male',1617558949499),
	('5dfaddaf-8505-4e91-b963-588c308a4402',1642012522624,'Janis','Bogan','Man',1626321730101),
	('5e508e2d-635d-44a5-a918-99d7240d9907',1616552815491,'Emil','Daniel','Androgynes',1629481298767),
	('5e57a227-bd2f-4b6f-a47e-ac3e883b24f0',1632212086279,'Gracie','Rolfson','Male to female transsexual woman',1623146887998),
	('5e901ae6-bcc3-4c4a-8d5d-3ff72bbe2a53',1633951203216,'Lora','Sipes','Transexual',1629441137438),
	('609eb25d-9908-434b-80a9-8ca5866424ea',1612253616297,'Geovanni','Hills','Cisgender Female',1612913123797),
	('614898be-d65f-4485-975c-f2b42c33f7f8',1620060859063,'Don','Kemmer','Female to male transgender man',1634539803672),
	('617b5dec-eec0-412d-814e-19d4bd1a526c',1635442926189,'Ryley','Dietrich','Cis Male',1638433561478),
	('617c4642-d169-4c2f-bbb9-1ced88aebc6f',1612261192631,'Elaina','Lindgren','Trans Female',1628925174867),
	('62a131c9-c77d-4ba0-8b64-954c61002f8a',1632894258640,'Sabryna','Treutel','Female to Male',1622991254732),
	('63a3be6b-1199-4ab2-b683-397d28025982',1620014939645,'Destini','Koch','Cis Female',1618198383897),
	('6542dccf-294d-4d99-9b2c-d926fe7d78ac',1612580806778,'Katharina','Frami','Androgynous',1633443375683),
	('65bff6c7-b6ee-48ec-bf34-102375f29a2a',1622495959772,'Jacky','Oberbrunner','Trans Person',1641392818361),
	('66305c42-3d0e-4921-8782-6a5a76ab4389',1633671169145,'Armand','Reilly','Cisgender Man',1636683365229),
	('67463b57-d879-4a43-a198-ce3578bbe5cc',1633413961682,'Mckenzie','Emard','Transgender Female',1612801332613),
	('6777ed36-7e2e-4845-a7dd-e700bec7a1db',1628152408606,'Callie','Wilderman','Cisgender Man',1622224323428),
	('68471939-f7fa-4823-8fe5-e85e10c3ffaa',1641395286680,'Casimer','Rice','Trans Man',1639375291255),
	('68b03a31-eec6-4b21-a868-b5047667cd92',1620024820384,'Saul','Gulgowski','Non-binary',1620543522784),
	('68b84f34-ddc4-48e7-8930-5bfedb583ab7',1626275878915,'Romaine','Hahn','Cisgender',1642360979500),
	('6948cfff-66d0-4a88-8194-c548b8d6826b',1620886007933,'Abdullah','Hammes','Intersex',1625522046124),
	('698a5adc-4f4a-4acb-830f-d28bb67bd0ef',1643424273162,'Mozell','Gulgowski','T* man',1639821051538),
	('6a4a8b48-dcf7-4ede-bfae-4b1c2dbf2a4d',1639878979888,'Stan','Goldner','Intersex person',1633200426622),
	('6a9c897c-f248-45bb-9908-a52038ba87cd',1627512199000,'Eryn','O\'Conner','Male to female trans woman',1619870117639),
	('6b67660e-2b35-46bb-b30a-f1265ced294d',1622764656039,'Nigel','Emard','Androgynes',1642805999682),
	('6bd47d73-e826-428b-8664-31633164d9bb',1634215011802,'Phyllis','Osinski','Trans*Male',1624896634228),
	('6be8aa95-93b1-4aa0-b4ca-f719db800707',1636515933135,'Kayli','Moore','Trans*Male',1643357711014),
	('6c0e9ac7-2455-4d00-93ca-5c1870d118e3',1628827876799,'Brayan','Yost','Cis Female',1640566749307),
	('6c284a94-49fa-4927-9962-cf724105550c',1637991130441,'Litzy','Pfeffer','Female to male transgender man',1642150901014),
	('6cf86c76-44a4-445c-a607-9347c34e5007',1629763961433,'Joelle','Stracke','Trans',1613952943323),
	('6dec5304-1286-447a-b295-aea839adbe0f',1620711171929,'Miles','Reinger','Intersex man',1640882589121),
	('6e4ee260-9651-4124-8aaa-e88668659882',1615582307896,'Minnie','Lemke','Transexual',1637930032257),
	('6ff6166f-725c-4af4-952a-a787d7d28b5b',1639359436266,'Adan','Raynor','Cis Male',1623336522105),
	('70b7ac1b-fb20-4cc6-8447-b312a05900fa',1621673823535,'Dayana','Johnston','Cisgender Female',1619481207197),
	('713c252c-b040-44d7-8189-8b188e9ee097',1629551078029,'Fern','Hermann','Cisgender Man',1631537604113),
	('71ee7135-8a32-4603-992b-e7b9463c89b6',1641463712788,'Joshua','Lakin','Cis Female',1613114606949),
	('729dcf89-8da6-45bd-b439-ef506efffffb',1614829423791,'Emely','Jenkins','Trans Female',1638726794741),
	('72ee769e-e521-4524-96e8-9a4fd7263734',1632731528269,'Estella','Langosh','Cisgender',1634984931145),
	('73babd59-92f3-4d7f-a9b1-8cd372e20e11',1612490393976,'Jacquelyn','Morissette','Two-spirit person',1637276307502),
	('73d40b4f-0e11-4d82-addd-c293b6e3882e',1622092009218,'Johnnie','Stoltenberg','Male to Female',1615120209481),
	('743a18b4-afec-46f7-b97c-32d6ec2f70e4',1626965216126,'Aubrey','Nolan','Cis Male',1615685508404),
	('74ad4fe9-4592-43a0-a496-870772e2087a',1621044273205,'Jairo','Rodriguez','Neither',1625716992250),
	('75cb6a16-cb52-48fd-b4d3-a8ae76b6da74',1629390118412,'Antonio','Littel','Trans*Male',1635405573166),
	('7702ef48-ae36-47c4-bf70-79bdb3348149',1618224716979,'Abigale','Bartoletti','Cisgender Female',1625066481384),
	('77d7f465-26b6-4cc3-b2d4-e59d36ef1e2c',1642916290972,'Gardner','Kemmer','Neutrois',1618028514674),
	('787bb35c-44b5-41e8-8004-a9a20eb1f66b',1629628280542,'Tia','Kuhic','Transmasculine',1621405147052),
	('78a4af95-76e0-49e4-8996-54e1a7efeebb',1642608628644,'Thea','Hegmann','MTF',1620662705832),
	('78e0d8ad-2021-4fbe-9bf7-9f2d129aecba',1637279889754,'Verlie','Kohler','Cisgender',1632116327312),
	('79a6a052-e5f3-44e7-8607-eff04fc2d091',1614301381079,'Johnpaul','Steuber','Agender',1630946178628),
	('7a39b1a5-3605-4f54-8dcc-5df075028e4c',1628604240180,'Russ','Howe','Cis Man',1636891018713),
	('7b1ffdd5-7cf9-4d00-b718-dc2670eb1fd7',1631121203739,'Rashad','Auer','Trans Male',1634917003738),
	('7b2af1b2-0b46-42be-b05f-26c4da7765ae',1625274970609,'Jordane','Reichel','M2F',1622770426106),
	('7b4f323d-13d0-4e98-b23c-14028ce2d3cf',1631437734549,'Adelbert','Medhurst','Cisgender',1620364580646),
	('7c0c4897-526a-42b9-b84d-b860ef8dcb14',1618012938019,'Annalise','Corwin','Transgender Person',1640055970163),
	('7c56d8a0-ff61-4913-b1c1-0a5dff8ccafa',1626308460167,'Austen','Schulist','Cisgender Female',1613319268242),
	('7cb8c358-ab85-4dec-9009-fa87e4d91460',1638505622098,'Jermaine','Batz','Two* person',1635734174229),
	('7cf31cc1-30e7-4845-a4db-3d288b7d9169',1625769153146,'Bella','Denesik','Genderqueer',1624503853112),
	('7d007050-1748-40f2-962e-1d5d57babf9c',1643308870386,'Jonathon','Macejkovic','Gender Nonconforming',1626351914624),
	('7e5919a9-74ed-4234-b7c6-a50885123276',1612669056837,'Zetta','Bogan','Two-spirit person',1639728443548),
	('7f59c511-6df0-48a6-b321-d9ef1f09cac6',1625729890491,'Quinten','Schmidt','Gender Variant',1614122105590),
	('8043ea21-2fb2-4793-ba14-b80caeb34671',1627702914770,'Leslie','Grady','Female to Male',1627538821600),
	('80560233-7f19-4e86-a788-014a91720f9c',1615521947934,'Paul','Mohr','Intersex man',1627773005040),
	('80cf3e52-eaf4-45e3-856c-6f77b9f00854',1612876676457,'Loma','Buckridge','Asexual',1622926771017),
	('8197b48b-d850-482c-bfe9-138c23de0bdc',1618697674464,'Guiseppe','Senger','Cisgender Female',1615848685246),
	('82f06e27-7bb9-47d1-82dc-fe935c837ca3',1638825508229,'Armand','Reichert','Trans*Person',1631691906232),
	('82f97996-f0cc-44c7-bdcc-74675621778a',1642521535499,'Kayden','Weissnat','FTM',1630497321293),
	('83ad78fc-12a7-4192-b8d8-5727e6ab31fc',1623620409241,'Sonya','Cormier','Intersex woman',1618930959366),
	('85e7d81f-92ec-42b9-8c2d-859968e23e57',1622660936876,'Vincent','Miller','Non-binary',1631657404629),
	('86f4715d-8546-4860-9550-fc2fe819b8d8',1634220657670,'Gail','Simonis','Female to Male',1617652112583),
	('88473cca-28ea-4eba-99eb-e09925e4752c',1633494497064,'Ophelia','Dicki','Transmasculine',1628763398332),
	('886e0d6c-d7bd-402d-b68d-e9ad4e5cdea7',1621780208499,'Annabel','Littel','Gender Questioning',1627355454442),
	('8969cf3f-640f-49b1-8f8a-9780b558d342',1624574472040,'Enos','Hagenes','Gender Fluid',1630681096233),
	('89a52918-de6a-4547-80b9-8c3de7e0ad8a',1619159712323,'Maymie','Lueilwitz','Androgynous',1622389231393),
	('89b36edb-0ede-431a-a8a9-c3561aea48a6',1629127914172,'Deontae','Zulauf','Genderqueer',1631969437106),
	('8a1906a8-54a4-4adf-99e4-f4d8cd283127',1642625407370,'Magnus','Hintz','Transgender Female',1615172737881),
	('8a5e521a-312e-4296-8972-b4414eefce0d',1621272151073,'Milton','Ernser','Male to female trans woman',1636509291287),
	('8a600179-04ff-4666-bf27-d99c619b83f4',1629301186967,'Ericka','Klein','Gender neutral',1622087618496),
	('8b0fd29a-cd2e-488c-8365-d943db66607f',1615174666479,'Earl','Spencer','T* man',1630677090168),
	('8be291a2-ff37-417a-bd0e-ce807aec021d',1623695499567,'Era','Wunsch','M2F',1641710614631),
	('8c5f723c-516c-473b-9d28-9bb0e656abf6',1636645807782,'Alta','Will','Gender Nonconforming',1636032352340),
	('8c8e927f-f2d2-4709-a0bc-55c7f00d10a7',1630429651618,'Viola','Gerlach','Trans*Man',1630201439004),
	('8ca65a32-0332-42dd-8c48-d63e447c169d',1633629236612,'Tevin','Ward','Transexual Person',1633145911220),
	('8dd31d7b-f064-432a-bfbf-bb8374554290',1617047259737,'Elias','Paucek','Two* person',1640069054843),
	('8e43ae2a-e9bf-4627-866a-e4084bdb4e14',1624676715959,'Pascale','Ondricka','Female to male trans man',1619568850936),
	('8f0a0ab2-032f-4325-aace-1fc14a910d9e',1640973341184,'Elizabeth','Wisozk','Intersex person',1613350188556),
	('8fcd8b20-6e89-4f4c-bb2e-b01059c8b2bc',1629054554784,'Marge','Schoen','Two-spirit',1632540652285),
	('8fd77c7a-9482-4abc-b111-670c67759c48',1634206436819,'Pamela','MacGyver','Neutrois',1632122254927),
	('91601216-54e9-438a-8f01-e60b7bcab903',1640938255111,'Celestine','Green','Polygender',1633739696524),
	('926c1424-6569-41f3-a505-90130b38b355',1620510163853,'Karine','Armstrong','Hermaphrodite',1612940541257),
	('93eaef01-7f45-44b0-95fc-6bcfda8660de',1639347995038,'Victor','Erdman','Intersex',1636474157731),
	('94243202-9d14-4a3b-b524-161eb3444523',1630129105889,'Reed','Homenick','Trans*Male',1636428662559),
	('94ac5d3a-0de6-421e-a0af-00b197e4e2dc',1631603316296,'Peggie','Dibbert','Cis Man',1641234649999),
	('94ec2fda-0141-4e3a-852e-dabd114804c3',1633632238432,'Marta','Erdman','MTF',1639361936656),
	('952900a4-597c-4d01-8ea0-0f962aec2037',1612861414077,'Catalina','Grimes','Other',1625645017228),
	('957ef43b-dbd7-4473-a7b1-c369693ae089',1633523668924,'Tillman','Hansen','Neutrois',1633620522721),
	('960b320a-57b8-4c11-aec9-a42f821dab9d',1623409469289,'Moises','Bruen','Neither',1623761588118),
	('9753e6b3-cbe5-45fd-a50f-d628a6afb2da',1623765636658,'Burdette','Auer','Cisgender Man',1614895738019),
	('976cc321-1a70-46bd-b4b5-4d7194ab59c2',1612413634695,'Xander','McGlynn','Cis Female',1643410365079),
	('97e6dd59-9f8e-43c5-8b59-7d2d874369c0',1642647994557,'Leonie','Anderson','Male to female trans woman',1617202169506),
	('98aaee7e-7d85-40d0-96dd-2bfebbf82f27',1627048372371,'Retta','Jerde','Female to male trans man',1637070486974),
	('993b6c88-fd20-4cfb-86bb-262053642c79',1641756168134,'Zella','Borer','Trans*Female',1639908199068),
	('9951ce77-577b-4a43-9ef2-9eca3cd219da',1614346294830,'Jordi','Price','Neither',1617835535484),
	('9a9d48bd-4e6f-4ee3-8ef3-389aaba66121',1618998738876,'Myrtle','Macejkovic','Transgender Female',1641991706644),
	('9ae50e3d-c0a4-4d65-858b-a25558ae374d',1638405676865,'Abigayle','Tremblay','Female to male transsexual man',1633504161582),
	('9becce94-7e86-4a50-ac8e-0593c8d39352',1641802206748,'Evie','Littel','Female to male transgender man',1615799246344),
	('9c7006ca-6b04-4169-ac4b-d878f6947613',1641832196891,'Leonel','Conroy','Intersex woman',1613161586400),
	('9d35ab1d-8adc-47ab-9088-cc77a969d485',1620125202304,'Keara','Hand','Male to Female',1627807741150),
	('9d839799-e502-430b-b2ef-5e843c6f9bc1',1639675203088,'Donavon','Corkery','Cis Man',1627817092229),
	('9e12f36c-54fc-4eb9-8b62-d8537cd80842',1620307532846,'Monty','Friesen','Trans*Person',1633529197958),
	('9e1520db-9306-4906-9dee-972465e0dd3f',1615280277543,'Marielle','Glover','Trans*Female',1638844930803),
	('9f58fbd5-6e05-471a-bfc8-b95e9412578f',1622956840254,'Freddie','Halvorson','Neither',1642904195727),
	('a03840be-6c86-48b2-8275-44b7e99db689',1612646440135,'Ryan','Schuster','Neither',1635327822033),
	('a0ba2a62-69ea-4f73-a7cc-f07ae30ab5b3',1620378889160,'Mekhi','Bartoletti','Intersex woman',1632842183980),
	('a214c44e-22a6-490d-9ec5-6948bd2b8f54',1624020641200,'Lessie','Okuneva','Asexual',1616117201638),
	('a220353b-b7c5-4f48-9187-4634a4e1221b',1638023530169,'Carol','Emmerich','Intersex woman',1622680845226),
	('a2b815f3-1368-464c-9de7-5c14bc22bf5e',1642604927556,'Virgil','Rau','Transexual',1620812993358),
	('a2f5b517-fc6f-4ba5-938f-04796714b58c',1635140402002,'Eugene','Stehr','Polygender',1616914219831),
	('a3167247-66fd-41a5-b513-e57d04e14618',1627558298031,'Lenore','Metz','Intersex person',1627809741370),
	('a377d020-bf7f-4ca3-84b5-148947e3df53',1624404069346,'Yasmin','Wiegand','Non-binary',1640469955808),
	('a3b43a09-f958-42f0-97bb-942515eca723',1614476316545,'Name','Skiles','Transexual Female',1642646189205),
	('a3f49b18-b25a-47dd-b803-ae21e9375088',1619114340077,'Stephon','West','Transgender Female',1642636712080),
	('a3fd1990-be1f-4a2a-a3d0-3922a25a3d57',1621921669835,'Tressa','Heidenreich','Transexual Female',1621181252078),
	('a405c0f8-05c1-48a0-bf5c-13aecb183a06',1621385789550,'Jay','Mayert','Transgender Female',1639932778582),
	('a44f034c-41e2-4748-93cb-47a142ced4dd',1635838854689,'Abdul','Shields','Man',1624874309420),
	('a55f500f-db56-4154-a374-bb30d99d796b',1625659845405,'Isabel','Bergstrom','Intersex man',1627386232232),
	('a5b41d30-d3e5-465d-8227-fd6913c6ab86',1628008645353,'Murphy','Littel','Transexual Male',1618849398688),
	('a83a5ae0-a970-4a98-9c31-e313ecb0a010',1635929588719,'Dejon','Beier','Trans Person',1642264717253),
	('a98cb09a-3144-4bb4-a47e-0fc503a09b36',1624502134355,'Estell','Rowe','Cis Man',1612072277765),
	('a9b1dbab-3c87-40a1-b230-479d7d0b3609',1620413267830,'Santino','Homenick','Hermaphrodite',1622268166754),
	('ab672308-0486-4492-9725-65197d4070bc',1634659224658,'Eloy','Koss','Female to male transgender man',1626170557054),
	('ac41d985-75d4-4ce5-9532-c0686aa3e4d9',1616513131403,'Lora','Dietrich','Male to female trans woman',1630887471724),
	('ae47c44c-cff2-47fa-94e7-5d928c918a5a',1612831495268,'Raul','Brekke','Transexual',1637384684052),
	('af05c718-2494-4f21-ac98-7159ed81eb63',1628915742114,'Betty','Jenkins','Transexual',1618313629515),
	('b013c0cb-00dd-4ab6-9e7b-2fc13e328ce5',1614916973144,'Oswaldo','Hegmann','Cis',1621109967723),
	('b01458a6-f2f9-48a3-9c87-33b191b48823',1641596236032,'Celestino','Crona','Transexual Woman',1619012207877),
	('b023ae54-ff26-4bb2-8c46-fd792fe1474a',1612354096975,'Rosanna','Hartmann','Agender',1635336432617),
	('b154c1f6-6951-4727-9495-0da235ff691f',1620791836206,'Ethyl','Mosciski','Transmasculine',1617059805889),
	('b1e55b1b-a5fa-4b68-b1c3-0387f1598df1',1633622757347,'Euna','Block','Intersex woman',1636510403070),
	('b3b3caf2-5633-43ac-8638-cb2f10052feb',1629680793799,'Lionel','Schimmel','MTF',1640099025659),
	('b480c9b6-8d64-4aec-809e-3ede8c64c165',1626410423917,'Loraine','Weimann','Agender',1614711121225),
	('b5153c5c-7103-42ee-8f10-9bc0b4664c8f',1624724848624,'Augustine','Tremblay','Asexual',1615855625572),
	('b58a70c2-8339-4762-90ea-4a112bbf704f',1612474865963,'Lane','Hodkiewicz','M2F',1627463729392),
	('b5ea3995-f30b-4f1c-ba5b-4c537e267a9b',1612921006911,'Maymie','Leffler','Cisgender Male',1640703615208),
	('b686d15a-1f63-40bc-a884-463256c70b44',1612073384518,'Felipa','Daniel','Non-binary',1632922197924),
	('b700323c-4130-4747-8111-09fe13a2e405',1629894957078,'Catharine','Jacobs','Female to male trans man',1619061416959),
	('b73c5c17-12d6-4c45-84b2-b060e6614b9a',1626431778383,'Rosamond','Beatty','Trans*Female',1637753533949),
	('b76b58ab-142e-4796-8d78-84fa83f4dce3',1625572371448,'Gilbert','Predovic','Bigender',1642684958808),
	('b7a59d53-7e60-48ef-a678-041ed6a7d7f2',1620954082058,'Doyle','Waelchi','Intersex person',1616745081823),
	('b8e28301-acdb-49c2-a831-4b0b9c5ffa4d',1615605178264,'Harmony','Hamill','T* woman',1612078847255),
	('ba88ed67-a0b5-453e-927e-ae13a7f42705',1638293556092,'Reanna','Muller','Gender Nonconforming',1612143496960),
	('bacc27a3-408c-4406-b74a-ce9bf438e55f',1638519860935,'Selmer','Vandervort','MTF',1613564263109),
	('bb9a6cea-f11d-4bcf-b11d-79fa58b9d995',1642510214322,'Kellen','Harvey','Transexual Female',1627641408291),
	('bc8a4cf9-3d78-4434-a61c-2f9211801279',1640034118723,'Brad','Little','Intersex man',1622694489665),
	('bcfcdcc5-197e-46c3-9318-b46278ad0000',1618844999486,'Jarrett','Bauch','Trans Person',1627032052515),
	('bd89893c-52e9-4179-b87a-c62d0e4e8643',1623764600519,'Lucie','Quitzon','Transexual Person',1623498742710),
	('bea4aed8-2b5f-4a4d-8c84-125fcf357252',1634174600721,'Maxime','Cummerata','Cis Male',1620630776575),
	('bea77a0a-3395-4e2b-8ac9-dede077a4236',1620411559421,'Brian','Leannon','Trans*Man',1636729073821),
	('bfc4349a-6522-46eb-9215-4aef38e6dea5',1615514777049,'Alejandrin','Price','Trans*Woman',1618702517490),
	('bfc67114-c6ff-4f97-a510-1c1b44abddcb',1637985562868,'Destany','Miller','Gender Variant',1627893747589),
	('bfca6e53-a6f1-4c77-8924-b17e0d6bf916',1618124256244,'Norval','Daugherty','Trans*Female',1628753418691),
	('c030a22e-a551-47b6-b432-b4621b532d53',1630155049883,'Thurman','VonRueden','Cisgender Male',1642235688669),
	('c15c2394-6281-4d6d-bf98-3f8032f72c14',1632250913899,'Wilhelmine','Hintz','Female to male trans man',1635556256948),
	('c2930570-6b86-4985-ab96-3545787b6c63',1624338579995,'Crawford','Farrell','Two* person',1630863089615),
	('c2a7ce9b-ccb0-4c8c-8f4b-e2c6d1624a3e',1639924214618,'Ofelia','Kuhlman','Cisgender Female',1622105652626),
	('c2f86d07-140e-47a3-8912-27f59d5d238c',1634014436326,'Eloise','Cassin','Trans Female',1639945114781),
	('c30bcf52-1f3c-423f-b825-e5828c887306',1614001449099,'Albina','Purdy','Intersex person',1639533598484),
	('c3936db3-64c7-4820-a5e7-ab3094d0e6f9',1630688522698,'Jadyn','Zulauf','Cisgender Female',1632868371743),
	('c3f374f9-5000-4ec6-8a82-2ec244066467',1618148898768,'Treva','Wintheiser','Other',1626563778312),
	('c3f5b596-eb23-4749-98f1-d4989e21b865',1633151894911,'Jayce','Parker','Polygender',1620936625364),
	('c4d1a413-a077-4ff3-9a1a-9468fd9aa181',1636361315552,'Americo','Koelpin','Male to Female',1634328189554),
	('c54859d8-bff9-41de-bcca-a29f263d0c71',1623072664820,'Jazmyn','Vandervort','Trans*Male',1626539902886),
	('c55af14b-ea17-414e-b28f-a2117c187298',1623782176152,'Amiya','Kassulke','Bigender',1622258339409),
	('c6903be8-9b11-417a-8a99-9a5c4bd56c76',1633812990561,'Brandt','Schaden','Two* person',1633681042628),
	('c6a0bed3-a081-4f8d-8853-7f6382f78934',1632131010536,'Bria','Glover','Cis',1641832059857),
	('c6a79a99-d1d9-4cd6-9785-5a5ac66b5c01',1624885217446,'Reva','Hahn','Woman',1615627189601),
	('c7685653-4bc5-4646-83b3-b50bf5f4e191',1618344323959,'Tracy','Dickens','Trans',1638452536317),
	('c8616a33-4a6b-46e6-ae78-3d7cf741c6df',1625797966592,'Tyrese','Rohan','Female to male transgender man',1622210571461),
	('c88966cb-58b6-4071-9568-dee32a04a3fd',1619947193469,'Laury','Predovic','Cis Woman',1627641489935),
	('c8e106c0-c8e5-4060-b084-0173ed9928f8',1613302318425,'Thelma','Steuber','Transexual Female',1625058777045),
	('c9b102b5-aaef-4e0b-9fdd-5f53ff215ffb',1635762161553,'Candido','Ankunding','Intersex woman',1631098930114),
	('ca61b869-e165-41ed-8d7e-c52eb675ed87',1617137338628,'Liam','Ryan','Transmasculine',1619765490871),
	('cae97194-fbc6-464d-87d0-87eb042081a7',1633486030054,'Isom','Ruecker','Male to Female',1631427324737),
	('cb54ac91-fc77-4520-bc5e-19c832f9c132',1638739221426,'April','Sauer','Neutrois',1630673180574),
	('cb899063-d321-4691-aa7e-f24fa840dfd5',1612289977072,'Etha','Franecki','Pangender',1635070854739),
	('cbba7628-1eb0-4933-943a-ec0229b51649',1623762895578,'Annabelle','Considine','Trans Person',1634709799335),
	('cc250bce-b8d7-404f-91b8-d264a4b39509',1620934491591,'Blaze','Olson','Female to male trans man',1619706239009),
	('cce3de08-3838-4228-84f7-e1e3d19eb347',1639344639612,'Roxanne','Adams','Transexual Female',1638226748881),
	('cd15845e-bfa1-4d47-9d6a-75acd9c88bf3',1640661455782,'Lydia','Sanford','Female to male transgender man',1624831522316),
	('ce3a433e-2369-4a54-b085-408de39e4d93',1642572189114,'Marty','Jakubowski','Transexual Woman',1622155028227),
	('cf8a2cb0-7100-48dc-82b5-415237876933',1613109957682,'Cletus','Wehner','Trans*Man',1635776848014),
	('d0071b7d-ce34-44c5-8594-83f0f88640a6',1636336649732,'Haylee','Lakin','Neither',1622394194623),
	('d0140358-a6dd-4380-a4bd-197df765b695',1622601830738,'Maybelle','Mraz','Androgynes',1628869190479),
	('d1480b1a-fecd-420b-ac7e-6bc894400483',1617659446451,'Cassandra','Legros','Trans*Man',1628137864786),
	('d1bb1cca-01c8-44e1-9240-d248258b35db',1637874150476,'Jeffry','Halvorson','Cisgender Woman',1615433387872),
	('d2461de0-3f31-4884-a37c-b64eb8ffc3a9',1615283551432,'Dolly','Nienow','Neither',1616602844135),
	('d367de8f-835a-4a3d-9355-bfe9dfd82964',1616448871898,'Eric','Medhurst','Cisgender Female',1627452145988),
	('d429072f-61b8-4a45-9a00-569ed73d009d',1635608139583,'Jerrold','Schmeler','Female to male transsexual man',1621188805558),
	('d46e7698-d106-46ca-afe0-3e69830766b6',1629884745362,'Lindsay','Batz','Cisgender Woman',1624252316471),
	('d5d40d93-65df-406d-82cc-9b94b8cc5836',1620437146902,'Brenna','Hand','Trans',1613847970164),
	('d656cb00-1836-47cc-ab4f-73be9bb3837c',1635328345571,'Ally','Gaylord','Transexual Male',1617954259850),
	('d75dbcd1-1aa5-4a79-a0f1-97a36dd5ec6f',1636721748633,'Karine','Cassin','Trans*Male',1626456163310),
	('d777e21a-b260-48d8-af76-0abcf487f81d',1635312097407,'Amelie','Steuber','Trans Male',1631529742969),
	('d79a8b06-0a9b-4441-b272-a0e9f25d8cb3',1641615140417,'Dayne','Hyatt','Asexual',1620308929511),
	('d84c5740-ab3c-446e-a968-d374411f2de5',1632608946585,'Elenora','Veum','Cis Woman',1642561678994),
	('d87bf842-deaa-4a85-822a-e0c52e076c76',1619827664022,'Derek','Sawayn','Gender Nonconforming',1623629546830),
	('d8c7792e-20e8-4b9d-9995-0067d2403ecd',1641362158372,'Jermey','Hansen','Cisgender Woman',1634775518124),
	('d90a1e19-5ea8-4cff-843b-78d2a8d2946e',1635744103650,'Deion','Yost','Male to female transgender woman',1631802240544),
	('d9a1f3b4-7da8-484c-b83a-cb955be79121',1618613701383,'Keshaun','Wuckert','Transexual Man',1637891717568),
	('da5c30bc-c77c-4cb1-b5ac-1774a8700c0f',1614349175628,'Shaniya','Runolfsson','Androgyne',1621024355243),
	('da9e4a6b-bd69-49dc-8ec9-fc620c9eee8c',1617921783874,'Genesis','Schoen','Transmasculine',1622515772350),
	('dac8a6b3-1a9d-4e39-8995-775f8f8e23ce',1617734452712,'Kassandra','Olson','Androgynous',1636256149041),
	('db335460-b3c1-42a0-987d-464328ded723',1625377535578,'Art','Lubowitz','M2F',1632398791510),
	('dba7d238-85cd-41d1-b4f9-023bac3019bb',1618098747757,'Wilfred','Cassin','F2M',1639167319393),
	('dd093297-36a1-4f0a-8b3f-3916382853eb',1642133724134,'Taryn','Little','Trans Male',1631052112131),
	('dde2463c-0109-471b-a793-92d4635564b7',1623339151210,'Jedidiah','Ledner','Hermaphrodite',1624751068014),
	('de657c9c-5616-4fe4-8d73-afc5e0a7ff81',1622448798862,'Marcellus','Hettinger','Cisgender Woman',1611995478196),
	('df33c59b-838b-4d36-9127-415fe1f88bec',1641411249282,'Eryn','Satterfield','Woman',1612122610822),
	('df9b364c-e3ef-4230-8530-111c0cadee91',1623561545221,'Raphael','Stark','Cisgender Female',1627242184003),
	('e022d422-d6a0-4074-b88a-0b592729223b',1629661855299,'Jacey','Bruen','Female to male transgender man',1616270791322),
	('e08ef1ab-5ed0-4cbe-9381-e20475d9e6d2',1621215036500,'Pattie','Pacocha','Cis Woman',1632749716302),
	('e0a6545d-8701-4ee0-8b61-17efe88f4bd0',1640318115173,'Kaya','Pollich','M2F',1641176305569),
	('e31f9de8-9c64-4d5d-b386-f7311ac75a34',1614158555743,'Kelsie','Stamm','Transexual Male',1621500881238),
	('e3896caa-83a7-4d25-97cd-e6f73ce5c6af',1639953398715,'Garry','Rutherford','Gender Questioning',1641968520781),
	('e41129af-2a9e-43bd-b6b1-769642898d74',1634428184865,'Otto','Reichel','Intersex woman',1642463848587),
	('e4d44974-21cd-4745-8b57-7d2744866b45',1631637580441,'Arvilla','McClure','Female to Male',1627218297561),
	('e55bf618-effa-45fd-a5e4-4894d01a4812',1631071832581,'Blake','Koss','Gender neutral',1623663057022),
	('e5954c20-8ffd-4fba-a276-5e474827e17d',1631552312132,'Alisha','Balistreri','Cisgender Man',1613730020948),
	('e5de936f-26bb-4bb9-a3a9-22eade579219',1614351380341,'Adrain','Rutherford','Transexual Man',1639486762536),
	('e5e19ad9-80d1-4417-89d1-73a3c2e4f7d5',1618101577794,'Garret','Schaefer','Trans Person',1613391084068),
	('e6a739dd-e3ce-4645-8f74-21d8cc89a5eb',1617340895080,'Toni','Ziemann','Cis Man',1626645086582),
	('e714f2bb-cb22-4249-a063-42a6c8ea4c8a',1637595246227,'Danny','Pollich','Transexual Female',1643188656280),
	('e783a7ea-e412-45ae-9860-aa08a0e58289',1630482967883,'Hugh','Johnson','Cisgender Man',1618502061193),
	('e7979bfe-184f-4217-9eef-2b25141f44fe',1632832789092,'Johan','Hackett','Trans*Woman',1623315441359),
	('e7c168e8-1c46-4b24-8516-eca6767bcfa0',1631564480421,'Myah','Block','Male to female transsexual woman',1636237705713),
	('e8107900-980d-42ca-8cf6-59eb1276b2ad',1637306861083,'Elwyn','McKenzie','Gender neutral',1637566014765),
	('e81c9dff-4f27-4027-bb6c-e5c7c61e2038',1631085674234,'Rowena','Cruickshank','Female to male transsexual man',1619676589513),
	('e84756f7-16ca-48b3-9750-a804f0da11e6',1615580173188,'Norbert','Kihn','Trans Man',1640566443901),
	('e8aad296-120b-42e2-a107-9f3e3b37dce0',1632138791812,'Donnie','Will','Cisgender',1631674564296),
	('e8d2c56f-d747-429d-9fee-3d7c86188317',1627844738284,'Jared','Heller','Transmasculine',1633278984269),
	('e9b6b223-1dc0-4de9-a755-e9e25dd8486b',1634548811336,'Ozella','Monahan','Trans Person',1631036293111),
	('ea4ece32-5e20-4f62-8f05-8960e1dfcc6a',1638061148659,'Abbie','Kunde','Gender Nonconforming',1621345760408),
	('eb9ea0d4-df49-4226-906c-9d82b9681d7a',1619001274418,'Nikita','Sanford','Trans*Female',1620043449752),
	('ebc70e93-d492-4b6a-9b64-16fa4c08f08f',1625335913491,'Emerald','Heller','Trans*Male',1615112856346),
	('ebf76d7c-0a9f-4331-84dd-d81f1a639a6b',1625785584213,'Jaylen','Romaguera','Trans*Man',1634339644099),
	('ebf8f881-7a12-4f61-bda5-a071e26a9971',1618697803017,'Melvin','Conn','Polygender',1616229001115),
	('ed54d151-3a69-41a9-be13-0feecd677d3a',1627144577544,'Eloisa','Hahn','Cisgender Man',1631767051570),
	('edc7c8b4-3ae5-45b6-a093-9335a5cc1580',1615891764691,'Sandra','Baumbach','Pangender',1619160213703),
	('eddf88d7-141a-4bcb-ab63-bceab21579f6',1641774470963,'Esmeralda','Kemmer','Male to female transsexual woman',1634524042539),
	('ef0ec9e8-d47b-4d02-9bbb-2064135f1bdf',1643416787275,'Rhett','Buckridge','Intersex man',1622982285642),
	('ef793995-f981-475c-9bc1-0eab3129c3df',1622349799577,'Dorris','Hilll','Transexual Female',1620027444714),
	('f018329b-903b-49dc-a4b0-8e74fcc913b0',1620318317023,'Dario','Hilpert','Androgyne',1623004805875),
	('f04d5f57-316d-4443-a0cc-2adf980f2653',1638443180260,'Vella','Douglas','Female to male trans man',1627063725557),
	('f0e5a7e1-7cfe-46eb-9394-bb95fe6afe18',1615161222622,'Phyllis','Torphy','Cisgender',1625610695778),
	('f142e1e4-63a0-4139-9455-90b81aa8a085',1635436731712,'Benjamin','Lockman','Woman',1642717576145),
	('f2ce8030-8bdc-4f79-9b50-f09bcf5ad86b',1620948977125,'Chandler','Schmeler','Transexual Man',1613415834248),
	('f2deee30-ceee-4a44-a5f6-c1b47fbbaa43',1619260921343,'Mae','Bergstrom','Gender Variant',1640781832529),
	('f3e6f32e-06e8-48c3-895a-38d8d6f59e49',1620316247413,'Mazie','Tromp','Transgender Female',1612809855865),
	('f4d6f8c8-ee5f-4549-a454-8d2818419679',1613064133494,'Dariana','Corwin','M2F',1620879286088),
	('f4dbe8b9-1888-472a-8550-0a60a1b20128',1633447485425,'Cornell','Johns','Trans*Male',1632741313527),
	('f4de2c48-6c89-453c-ac7a-0deec609ff38',1628260469937,'Isaias','Jakubowski','Trans*Woman',1630225830916),
	('f5fe2e2b-b789-48be-b4e3-bb3f5ac353e1',1642490879805,'Aliza','Nader','Trans Man',1634486668809),
	('f6137f9d-20d6-4f20-9a1c-9b88318ec255',1613711971418,'Jairo','Dooley','Asexual',1623096472556),
	('f66b7d10-50b1-409b-b502-36fdea3bcd78',1612732031949,'Guido','Berge','Asexual',1628663377449),
	('f72602f7-05b2-4773-9f9e-dae6cecb7aeb',1624866547874,'Helmer','Hahn','Cis',1642190984615),
	('f7e59707-835b-45c0-93d5-c728cc6ef2b4',1627181181831,'Raul','Hoppe','Other',1613040053804),
	('f85270d8-7643-4d47-9ad2-81cb7ee50e7a',1634475400026,'Justen','Quigley','Cisgender Woman',1633394726566),
	('f8cc3b49-4f32-4040-ad83-518fcf7b4d2d',1642702607181,'Alejandrin','Strosin','Transgender Female',1631717274655),
	('f9793662-2c9c-46d9-95a9-b1a44021958f',1617353353361,'Grant','Sporer','Cisgender Woman',1635822440892),
	('f99d51a9-800d-437e-a7e7-570beb97e8f8',1625040488607,'Claude','Lindgren','Trans*Man',1619646876863),
	('f9bfcedc-66a8-4c9b-8c30-92b77d152b7c',1638751506980,'Elinore','Mohr','Other',1633735599221),
	('fa0615f7-36bc-4296-937b-cf0084410357',1621455773973,'Syble','Schulist','Transexual Woman',1628415437927),
	('fa315e89-c1e3-47a7-874c-0bcc40ff0fb8',1636958250447,'Cordelia','Stanton','Transexual',1616245980512),
	('fb388ee5-5ba1-4306-920c-f1c743e71192',1642332948717,'Matt','Heidenreich','Trans Man',1629995554971),
	('fbbffa14-5479-4192-a6c4-1147f1f0f12d',1620596714101,'Shemar','Gutmann','Cis',1618836747553),
	('fbd87184-767e-41cd-bbe7-989616212ccf',1627011389168,'Kristofer','Boyle','Cis Woman',1615323520106),
	('fbedb1ca-0cc9-4c5c-b7f6-96d11d5ecd4b',1618959142653,'Vladimir','Luettgen','Trans Person',1619137638713),
	('fbf963e0-5e79-46c4-be1a-b9f62cd6a35f',1626233488335,'Otilia','Hansen','Gender Fluid',1622078226284),
	('fd8c4110-81ac-48ce-9550-48e4a347e36e',1613585131191,'Paolo','Predovic','Two-spirit person',1628155878431),
	('ff319ba7-e13e-4fe1-b385-1794f501f1bb',1632344306529,'Lelah','Jones','Male to female transsexual woman',1635790801790),
	('ffb63f0d-c23d-4be7-a481-bf5a13afbcad',1616123082874,'Elijah','Crist','Trans*Man',1629282235575),
	('ffbdb48d-ab6d-4031-bd28-c1a0dbd1a9fc',1632536872915,'Cassandra','Stamm','Trans Person',1628345281828),
	('ffdd1b6d-d465-49bd-9d94-ab6eed4e0f29',1639707787275,'Dan','Purdy','Hermaphrodite',1628485327643);

/*!40000 ALTER TABLE `employees` ENABLE KEYS */;
UNLOCK TABLES;


# Dump of table salaries
# ------------------------------------------------------------

DROP TABLE IF EXISTS `salaries`;

CREATE TABLE `salaries` (
  `emp_no` varchar(36) NOT NULL,
  `salary` int(11) NOT NULL,
  `from_date` bigint(20) NOT NULL,
  `to_date` bigint(20) NOT NULL,
  PRIMARY KEY (`emp_no`),
  CONSTRAINT `fk_salaries_emp_no` FOREIGN KEY (`emp_no`) REFERENCES `employees` (`emp_no`)
) ENGINE=InnoDB DEFAULT CHARSET=latin1;

LOCK TABLES `salaries` WRITE;
/*!40000 ALTER TABLE `salaries` DISABLE KEYS */;

INSERT INTO `salaries` (`emp_no`, `salary`, `from_date`, `to_date`)
VALUES
	('0054479d-3740-4374-a2a3-370358b149d8',4335,1639568169260,1645247909839),
	('011a4c36-bebe-4fe1-9df7-4f4b79cb82a8',7117,1624865528004,1648513659247),
	('0192d4a9-5138-4f98-aa20-edc133b7dc91',4556,1636034565768,1649857918629),
	('02627276-0549-4f18-b4ff-c6c4c161d6c8',2527,1635753816201,1674867551748),
	('02e22813-a2ce-458c-add7-c47346f216fe',7170,1624280778902,1673686126936),
	('03cd0bed-100a-4e3a-8c6e-1ac225f9d65e',5699,1626563661356,1670865503643),
	('03e0b9c0-1fb4-4cb8-a1ec-0915ac48600a',7186,1615362182574,1646055583395),
	('04d4af8b-d191-4140-8c3e-b9a95db6b8a8',6590,1624362104653,1648616633712),
	('057b859a-e97b-4614-a2d3-896032ac02e6',4863,1617015677412,1658613822605),
	('0646b35a-4167-46c6-b5c4-941ee94d0d7a',2452,1637643037487,1646262270438),
	('066c63e1-8cbd-4315-a08d-6a133f17030d',2963,1612358254587,1665283516052),
	('086b6bc4-385c-4f40-a736-39177963d4ad',5629,1627313739275,1658362476069),
	('089b9b70-9a38-4219-86ec-d121308d5f90',3159,1627291539393,1652891068183),
	('091fdf03-1384-4506-a486-dba0ab94f0b8',3441,1637774811734,1653054635953),
	('092f3a16-6388-4b1b-b7d4-cdc1adffbd87',3626,1634740138004,1644569224876),
	('0950142f-8ed5-4eb8-a6ff-dc9135eb60a7',7127,1640520537531,1666404891338),
	('09ed8e37-e46a-406b-b559-397c2fa4ab64',4810,1623011558942,1643957523483),
	('0b2392bb-2b03-44db-966f-dadd97eaf5f4',3891,1619896730073,1669976793997),
	('0b2537d6-0850-4506-ae4b-0935046b95be',5660,1626962423892,1644072686192),
	('0b927e7d-8d1d-40e1-a71b-eb75748e2ba6',7296,1637556106961,1650434026591),
	('0c1bfb24-55bd-40d9-8246-aaf2c51d0159',4956,1617738074974,1672594001579),
	('0ccc3dbe-eb06-450f-8e03-088dc455f1b7',3902,1642264252405,1662801816166),
	('0cedeec0-59aa-4bc8-bff4-a60fbbc12b3b',3826,1635363017875,1666289658209),
	('0dcb7394-97e7-4f48-a438-5131d04e8f27',3349,1629977981788,1666109510070),
	('0f636ae6-323e-455d-9245-98f3e19d58bf',3620,1628766358544,1669757710738),
	('0f6ac727-4f7f-40fd-a5fc-2b33ede9e4b8',6936,1618854035227,1646816384111),
	('0fa514cd-5176-44e7-89c5-0061be90acf4',4007,1632931508399,1643557344453),
	('0fb0a1fb-a750-4bc6-8691-f4f353145bb4',6680,1639565103874,1654174658115),
	('101ce52f-ff74-47a2-bb2e-88f3890aa085',4995,1640201980945,1664488439040),
	('11c7bb5b-afc5-4ba4-930a-49855333ed3a',4900,1616411560932,1647041798316),
	('126f08ff-96e6-423f-99fb-79c582c1eda1',6193,1638670879102,1657014516900),
	('127d5a65-ba56-47a8-9506-c0966a306c20',5128,1630836480741,1665987186448),
	('12be3673-91fe-4e3f-9d56-ae87bf6bbfe1',2276,1629452753853,1669921591236),
	('12e8438e-93f4-4c32-8777-bc8434061486',6510,1634196880835,1645411573001),
	('131a25d4-6020-4751-8295-dda270354a61',4046,1636020437537,1665065278895),
	('14455a69-36ae-434e-a6b3-87fea4fffcce',6608,1626605758081,1670567386533),
	('149ffe60-fd0f-431f-bf0a-aaa23fc57823',5566,1641369791259,1653539314999),
	('14ef4acd-228d-477a-b3bc-af85a163894f',2214,1619704038091,1673300739621),
	('1527d8f3-4d54-4ace-8b6a-a533e79529fb',6065,1640817590055,1667271740690),
	('16843a12-0780-4253-b515-f2140afcd5bf',4583,1623690326425,1668457915349),
	('16e02e0d-0ec2-4dd3-9d99-0e684e372c7a',6859,1627275553738,1659861356452),
	('17406bd8-76ac-4323-86fb-c682c9382f63',7036,1635480563958,1670189930087),
	('177165ce-fdb0-480f-8b51-31dd941fc597',2500,1633265632523,1672238287007),
	('18649932-606f-4222-a8b6-83c96c561b26',3332,1634807943608,1645730059487),
	('18b3900b-8c8c-4760-af8a-ac7bd20078b5',5456,1622164992721,1661531851905),
	('1a05c0f4-7c98-46bb-b8ba-d1e94eb87439',4804,1627145960837,1649817259019),
	('1b256ea4-c96c-4b00-a971-c0d1eab9180a',6223,1621970967723,1656912021760),
	('1b51fbfe-92e1-4a14-a670-678618565924',4249,1629354623918,1668716638526),
	('1c26a56f-85aa-4ade-81ee-9acf831b0013',4219,1630458619823,1662676006962),
	('1c57bbc6-0d42-43b6-8694-52fe4ceeb27a',6198,1616379966410,1661549728916),
	('1d50347c-2a85-436c-8b03-6fd4aee202cf',6467,1627916846274,1646260315847),
	('1d60d343-bc61-472f-ae09-9f7431c22790',3537,1625803632894,1652253202448),
	('1dc31c6d-f7bd-4feb-8906-736d3105d2d3',5463,1624936451367,1669264838901),
	('1ef4e91d-1e70-41d4-a97d-3a0f27716961',4555,1635400461107,1663573166054),
	('1f388f90-d6c4-445b-abae-1cf9209a7f9a',2356,1615921403860,1645519559217),
	('1f7663ae-6d9f-4587-b616-8eb149eda269',3508,1630864983412,1652968756800),
	('1feacdd4-d4ff-41f7-93d5-39d3a1eefc9e',6833,1615487483733,1645383884683),
	('209637fa-282e-44be-9511-fa873398c450',2263,1619501320869,1646873061277),
	('217f7e95-8a56-4c69-93d3-867c224f20da',5063,1622406343413,1653175588323),
	('21b0660c-7aa8-4040-8cd3-02550d908897',3438,1640866837134,1649780373332),
	('225bcc97-3bf2-4a27-873e-e20aa16d8457',2331,1629433752003,1669372679255),
	('22875b6d-b18b-4ec6-b5f8-04e37e7b5a5e',3580,1625791030486,1657163351510),
	('229181a7-ba22-44ba-b3f4-c31280942265',4592,1633672747243,1666994660708),
	('23861889-ed59-414a-882b-b66d9ce42134',3871,1637553527367,1651221105672),
	('23d2decf-5bfe-4614-83e8-411ee167f438',6721,1618226245490,1669626587399),
	('23f9c7d7-d11b-40b2-9cdd-029e265f3c25',4284,1627283639880,1662477849641),
	('245d93af-e691-4143-bfea-548b59351bdf',6271,1640969283027,1648871964091),
	('253f020a-e9f0-48c1-9045-2559b0727707',7296,1632581638083,1655857287690),
	('25463e06-67f4-4917-90ff-035b238c6c0d',4373,1623551005474,1668024331529),
	('25dfd035-15e1-4461-b0de-8ec677bfc8c7',3422,1624592169778,1657857239800),
	('261ab1ec-b05e-4572-8fe6-1900cbe74061',5861,1632508743972,1652796508434),
	('2654baaa-6eb9-4aaa-a141-5415ed930948',3823,1629210029725,1670112564093),
	('265722ee-89ef-4b2b-9c0f-04330d8a2e5a',5632,1632548838492,1648253646802),
	('265cd52c-c31c-407c-89ec-3e3ae179b8d2',2330,1630096415773,1643635985407),
	('266e1454-fd00-49b2-a920-87dfb8075fef',7062,1614106557976,1655143496813),
	('2689d838-6da3-4ae0-b011-bf7dc7985ef5',3437,1619269048186,1673061275977),
	('26a996c5-c598-449e-8df1-5fdd3e2b67bc',3564,1637119097846,1662787156851),
	('2872fa13-6536-4ca7-b891-e5ecaff9695b',4173,1625550261110,1657917191304),
	('29965083-41af-4fcc-8764-5200e98638de',7016,1619257103297,1655986731854),
	('29f7e031-a891-4790-97cd-3bd53caf5177',4204,1627625563426,1674322625890),
	('2a27cb0f-a089-4ffd-9108-c3b3d2ab111d',5869,1638225572167,1662720023808),
	('2aad8751-e9f8-484c-9c4b-acc0be9df0d0',6339,1634293570532,1666027843135),
	('2c80d2cc-c7ca-455a-b8bd-094050cbc443',4827,1636761290665,1657186720437),
	('2de50ac7-d06e-43f5-b69b-79be8ba9e6ea',3308,1618776402894,1650110324131),
	('2e19f837-abf3-4835-a2e8-4d12b91ade9c',4094,1624760053927,1644233579076),
	('2e39d002-7fb5-4b58-8e22-81b849d16f1e',5097,1616907276829,1644781651442),
	('2ed145a3-9682-4e5a-8fbc-67bb24d6f970',7198,1621575543495,1647580376735),
	('2ef63e91-b9ea-49c9-a2a9-8e26ab387443',2882,1624994298641,1655459234997),
	('3007577d-27b1-4d1a-a3d9-a9f1ff43aba5',4138,1621776484404,1648858061521),
	('305503e1-123f-4d47-859c-24bbb2eb8c9a',7154,1616218375651,1647370125309),
	('306ef61d-3e06-40e6-a709-2b9f718346ac',5741,1617180401548,1671416631479),
	('3082c098-3c0a-419b-ae4d-0c9fb02ff200',6693,1631405157266,1659443249449),
	('31586798-45ce-49e6-8afb-98d416037b7b',3598,1639394935794,1643542193876),
	('31d29349-c59c-479b-a92e-44d65a41f503',7353,1618061939900,1646331413690),
	('31eb534a-b119-49a6-9b90-661e66a64dd2',4900,1616070704486,1667469782794),
	('32a31233-529f-4ed7-b826-b2ec48102669',4874,1628809022389,1658651123566),
	('32b5f69d-790c-442e-89bc-701973ae6882',6084,1628475578902,1647554596757),
	('32d80d80-6987-42c2-953c-8bd7acfc4a53',4056,1635981430809,1666618767114),
	('32dfcc0f-b530-43ba-b6a6-96cde446c20d',3668,1623946353099,1647325002083),
	('33c168d1-9b57-4c29-9423-913733052df6',6982,1638871193281,1652251128477),
	('348cd827-c257-4002-bcd2-930d4f29a018',6636,1638109388484,1667857235942),
	('34c7edf8-3259-4020-91a7-603df6e3725c',6799,1630517083407,1648395575306),
	('34cc57b1-4d9e-4d1f-b201-52f1065043ea',3396,1631662374313,1647983092341),
	('3514f172-f0ff-4e86-a3cb-ec217ab01625',4645,1616099443530,1661213161330),
	('35e2bda3-6db4-4b30-a0b7-0a40f1d52f04',2990,1626683398691,1646463200791),
	('391f41b7-f26a-4a1c-94cf-bbde49fa8acd',2716,1633640859237,1644781926231),
	('3a6748e2-7671-4d71-a59e-e95656278a90',5451,1638888154988,1667525579121),
	('3c747cf6-391c-48e2-b0a2-72f1e0223af7',7134,1617832781061,1672198567927),
	('3cb3973f-2db0-4ac7-b1e5-75914e49154d',7461,1619311581291,1648124739352),
	('3d9f96dc-fe72-4d71-97f9-51212fa5fa9c',3411,1617649223494,1674729880138),
	('3e145967-4a7d-4862-89e6-6b03d96f9ab6',4589,1631907809968,1656128739789),
	('3f9b8db0-db1f-446d-8b57-566ece1202dd',4246,1631024830623,1645389223961),
	('4097afbf-1bcf-4332-a8ec-7d089340e5cb',3430,1637908427723,1660281664859),
	('40d69304-57de-4066-b78a-586d4d3a56e0',6454,1628100579499,1661607162925),
	('411ffd6c-c609-4a6f-bed9-9a264fac2102',5839,1637928714069,1672854202906),
	('418388a3-656a-41c7-822e-6aa73084dfb1',5246,1623777859415,1650072512947),
	('42799b69-adf0-4cf5-93a7-f642446cee70',2794,1615776206889,1648429603725),
	('42b61510-1f74-4913-a731-15c06d69bae7',7204,1628569468162,1668907712061),
	('4321f8a3-e0ed-4aa4-b0a5-e3a1ce6f197d',4039,1637965931865,1645943883926),
	('43db978a-e618-423c-92b1-fa1f44da61eb',6386,1627374530439,1653720193540),
	('43dc6511-1c4d-4e94-b9e2-1bfef587f28f',5385,1613816100268,1671156407039),
	('450a6372-2681-48bc-8f83-32ea13698d99',7181,1631922179244,1660229533512),
	('452110bf-d0de-4067-8ad9-76b98a37065a',4292,1633295786703,1665782135977),
	('457fc870-7fe4-43bd-90ff-10c1518a7530',3298,1623374845175,1663341342414),
	('46133580-e16a-4d33-911d-f4522e116d86',3788,1630488368746,1662779395001),
	('4662e39e-58a6-4918-aee7-3e9d1f77e224',4879,1625214858397,1667874383730),
	('4664ad8e-d4ef-41ac-9827-64787652bcbd',7134,1618695733148,1665170933816),
	('47171aff-b3f3-4963-83b7-49534e8942df',4157,1624377312485,1650631947330),
	('47aee8d9-88ec-4d8e-8d46-001713992479',4951,1620592328627,1653133065402),
	('48942e12-3ddf-41b8-a2e6-17f66b78f945',2869,1622137082906,1674903751363),
	('48c52913-29a1-4661-9d6b-f6d4675fbe51',4014,1639734469272,1649528277453),
	('490a7ca4-0d78-4de0-a0e2-8b4dd7107d7c',2207,1640444075196,1670629068176),
	('4936fb4d-8da2-4132-b59d-f7a659920ab2',4042,1632020244509,1662330545417),
	('4a1547ad-56c3-4865-b42d-c84a047d2b90',2940,1616958527835,1664870373162),
	('4aea6c18-2b8b-4838-9067-6a87ca7b3bd6',2812,1622232812985,1651986465188),
	('4aefd7cf-a90a-43ed-8caf-297cf92afdc1',3486,1639726970495,1673485856463),
	('4bedce2a-1250-410f-b65e-568901639faf',6074,1614798618610,1645190089363),
	('4c77524d-f4b0-4784-ae7c-0512993a4fea',3550,1618296527456,1663458791107),
	('4cf97384-358d-4e68-a1db-55e25559400b',2639,1612005632456,1652625866680),
	('4d84dfd2-bdb7-4ece-a89a-646fd19ef569',7310,1636549827142,1663457530728),
	('4dc51f2e-ef33-4dd2-b0c9-fc55ad7541be',3863,1625726926285,1645855427033),
	('4ebf5d50-41eb-48ef-adeb-88ab2a662ca5',5647,1611995232916,1665221924121),
	('4ed91868-da4b-4231-9ef1-0a5de27d71f7',5027,1630640151398,1673302197126),
	('4f06f37c-7dd7-42b2-8762-ca306f014220',5091,1631842835142,1664247800198),
	('4f2ffb58-79e3-46bb-b71d-8562650f2e92',5571,1642489314891,1658285536449),
	('5055f0f2-a339-434b-950c-b95aa7201470',4533,1640861997430,1669569571589),
	('50e47382-0ea6-4877-8752-57cf25ed4103',4528,1615878572082,1674099384416),
	('522e05d2-5cae-4093-abe7-e490e48f55d7',4191,1618866391606,1668717074884),
	('5249386d-e21f-4507-b81a-1b85c1c67452',7206,1632696045596,1653738470013),
	('525ee02e-6437-477d-b347-7cff2c59f313',4675,1621594621517,1653044852934),
	('52669159-9284-460d-839f-fd8c25b9147c',6346,1631367492377,1644753322096),
	('52713665-b0f0-43a0-a97e-f892046d1e89',4996,1618795222867,1652804436555),
	('534ba244-2825-424d-bb13-9c659f182c8f',7485,1626146401109,1663752466196),
	('53520ca4-2715-4ffa-a603-72315af61605',6004,1639034245561,1652075771998),
	('53c8bf6a-c9ba-4ce5-bc85-6260d17560e8',4605,1628118104322,1663323614880),
	('5413c0bd-e3fd-4bc4-9337-4c99d91ef355',6395,1640826358789,1647010537879),
	('54851f31-da0f-4e37-9ccf-eee266a2114a',2581,1637915791828,1649240524299),
	('54b013f5-7aa0-4b52-b933-a66cace20a78',4531,1614648231233,1659341017822),
	('54bca75c-f7f2-48e5-8944-5c19b1f9b904',4335,1623229961985,1647910058610),
	('552dbd2d-4da3-4de7-a4f8-b72b6919317a',6219,1621879719529,1674514803517),
	('5552403c-9242-47b6-9faa-c06be3b9e742',2295,1632307981710,1670102993307),
	('55b84be8-1dad-4f86-8309-47f73b549c4a',5194,1636083934306,1659315289023),
	('56db6893-8310-43e7-8a86-3d3f364f0813',2506,1629593646478,1674753397876),
	('5741ab7e-9519-4537-b496-f25e4d692291',6472,1617353649120,1661527209653),
	('57dc3cd4-1d7f-45ce-bfe4-1f2a097c168d',6664,1642069332149,1662580605326),
	('57e7169c-dace-45fb-abc8-25fe06f89d68',2869,1637980966317,1671931927770),
	('5808666c-05eb-44fe-80b4-ea62106c1fb2',4605,1643468980692,1653342512677),
	('586cfedd-24b8-4a51-85e5-f165c542c454',5578,1624650640356,1646024882040),
	('58e00591-6923-4305-9267-816d27bc688b',3580,1631357640771,1667954534635),
	('593f250d-783b-441d-9fa5-8d36bc80a229',2687,1621806243145,1664563411679),
	('59995bfd-4b73-4c63-abca-cc2fe3e0bbe4',7416,1633062995212,1650023483380),
	('5ab619a2-e98c-420e-8419-ba967193ee71',7071,1614123179589,1647595825865),
	('5c56967d-12aa-42fa-bda1-1a0cfe185f84',6514,1613510594745,1671613059760),
	('5c8b6dcc-2ae1-4e39-8e57-242aa84e5505',2582,1632923358458,1654039114390),
	('5cbbe73b-6574-48b3-b39a-3ccc59c125f8',5578,1619036602324,1670221571332),
	('5cc35080-abeb-4351-bc23-657596fb4db5',4235,1637437197935,1651419988675),
	('5d2344bf-60a1-416e-8181-53fb04bd0f81',4230,1619024667474,1654204882635),
	('5daf05c0-55a4-4558-9bff-b40ca0660b5a',2793,1620527886455,1649664457334),
	('5dfaddaf-8505-4e91-b963-588c308a4402',4355,1638334993214,1673923625404),
	('5e508e2d-635d-44a5-a918-99d7240d9907',6511,1619343843665,1673360232902),
	('5e57a227-bd2f-4b6f-a47e-ac3e883b24f0',6517,1643262872216,1649113609494),
	('5e901ae6-bcc3-4c4a-8d5d-3ff72bbe2a53',3330,1635183597150,1662404088808),
	('609eb25d-9908-434b-80a9-8ca5866424ea',5472,1623412851344,1666820887756),
	('614898be-d65f-4485-975c-f2b42c33f7f8',4591,1637014534316,1652474938300),
	('617b5dec-eec0-412d-814e-19d4bd1a526c',2581,1636852390179,1673622457484),
	('617c4642-d169-4c2f-bbb9-1ced88aebc6f',7466,1623903903085,1656054275363),
	('62a131c9-c77d-4ba0-8b64-954c61002f8a',7466,1628455204273,1665872975508),
	('63a3be6b-1199-4ab2-b683-397d28025982',7048,1620033341837,1669273089738),
	('6542dccf-294d-4d99-9b2c-d926fe7d78ac',3110,1631813620652,1670651092943),
	('65bff6c7-b6ee-48ec-bf34-102375f29a2a',2901,1642043219372,1673981741901),
	('66305c42-3d0e-4921-8782-6a5a76ab4389',4647,1612491361089,1643994649272),
	('67463b57-d879-4a43-a198-ce3578bbe5cc',4322,1623989073049,1648184612159),
	('6777ed36-7e2e-4845-a7dd-e700bec7a1db',3824,1622957910525,1672217249700),
	('68471939-f7fa-4823-8fe5-e85e10c3ffaa',5772,1630908813844,1649170012528),
	('68b03a31-eec6-4b21-a868-b5047667cd92',7079,1619429117570,1667132850805),
	('68b84f34-ddc4-48e7-8930-5bfedb583ab7',2645,1622964600652,1665329887066),
	('6948cfff-66d0-4a88-8194-c548b8d6826b',4884,1626693974346,1674882731473),
	('698a5adc-4f4a-4acb-830f-d28bb67bd0ef',3438,1635070512651,1653156513025),
	('6a4a8b48-dcf7-4ede-bfae-4b1c2dbf2a4d',4991,1622799698206,1662009953780),
	('6a9c897c-f248-45bb-9908-a52038ba87cd',3806,1617785636885,1669210675994),
	('6b67660e-2b35-46bb-b30a-f1265ced294d',3221,1628640312952,1649655715820),
	('6bd47d73-e826-428b-8664-31633164d9bb',3904,1634660152750,1667998633615),
	('6be8aa95-93b1-4aa0-b4ca-f719db800707',6331,1634261238824,1647304993298),
	('6c0e9ac7-2455-4d00-93ca-5c1870d118e3',6034,1617581900386,1670187629349),
	('6c284a94-49fa-4927-9962-cf724105550c',6169,1622122777175,1666490586828),
	('6cf86c76-44a4-445c-a607-9347c34e5007',7414,1613847036653,1653400157735),
	('6e4ee260-9651-4124-8aaa-e88668659882',6432,1612264945489,1657326211466),
	('6ff6166f-725c-4af4-952a-a787d7d28b5b',7097,1621733551453,1662443219397),
	('70b7ac1b-fb20-4cc6-8447-b312a05900fa',6977,1612821351221,1667147397815),
	('713c252c-b040-44d7-8189-8b188e9ee097',6415,1618326540562,1674424092252),
	('71ee7135-8a32-4603-992b-e7b9463c89b6',3493,1629324116046,1662902217186),
	('729dcf89-8da6-45bd-b439-ef506efffffb',7006,1613687243785,1660749363901),
	('72ee769e-e521-4524-96e8-9a4fd7263734',2770,1621763979349,1649665153415),
	('73babd59-92f3-4d7f-a9b1-8cd372e20e11',5748,1628827003478,1673713513380),
	('73d40b4f-0e11-4d82-addd-c293b6e3882e',6417,1640902750622,1666795059529),
	('743a18b4-afec-46f7-b97c-32d6ec2f70e4',2510,1619627629087,1671734761129),
	('74ad4fe9-4592-43a0-a496-870772e2087a',3537,1615092645158,1673590556454),
	('75cb6a16-cb52-48fd-b4d3-a8ae76b6da74',2619,1627228372330,1655266329954),
	('7702ef48-ae36-47c4-bf70-79bdb3348149',5192,1614378325701,1665996100390),
	('77d7f465-26b6-4cc3-b2d4-e59d36ef1e2c',3019,1626446792858,1648761822724),
	('787bb35c-44b5-41e8-8004-a9a20eb1f66b',4082,1637911623176,1665375034101),
	('78a4af95-76e0-49e4-8996-54e1a7efeebb',6679,1629982826264,1653656977077),
	('78e0d8ad-2021-4fbe-9bf7-9f2d129aecba',5178,1614413019702,1672181386687),
	('79a6a052-e5f3-44e7-8607-eff04fc2d091',3290,1616088670736,1658784682999),
	('7a39b1a5-3605-4f54-8dcc-5df075028e4c',2474,1623343070523,1656055212074),
	('7b1ffdd5-7cf9-4d00-b718-dc2670eb1fd7',2450,1619550297728,1643631841286),
	('7b2af1b2-0b46-42be-b05f-26c4da7765ae',6437,1639092857590,1665644473729),
	('7b4f323d-13d0-4e98-b23c-14028ce2d3cf',4995,1612130799246,1654347087151),
	('7c0c4897-526a-42b9-b84d-b860ef8dcb14',6299,1631433631105,1661869052428),
	('7c56d8a0-ff61-4913-b1c1-0a5dff8ccafa',2643,1641136854298,1674778036859),
	('7cb8c358-ab85-4dec-9009-fa87e4d91460',2561,1621860453488,1655562388767),
	('7cf31cc1-30e7-4845-a4db-3d288b7d9169',7422,1629377084149,1651609845285),
	('7d007050-1748-40f2-962e-1d5d57babf9c',4549,1637036069047,1667894896438),
	('7e5919a9-74ed-4234-b7c6-a50885123276',6027,1631211506553,1659018461577),
	('7f59c511-6df0-48a6-b321-d9ef1f09cac6',6280,1620327513041,1645870818921),
	('8043ea21-2fb2-4793-ba14-b80caeb34671',7295,1613123502136,1659673470006),
	('80560233-7f19-4e86-a788-014a91720f9c',4539,1628519564860,1662189904095),
	('80cf3e52-eaf4-45e3-856c-6f77b9f00854',4386,1626903976349,1649286484560),
	('8197b48b-d850-482c-bfe9-138c23de0bdc',4944,1627463728205,1658941331536),
	('82f06e27-7bb9-47d1-82dc-fe935c837ca3',5607,1637160012926,1672531617469),
	('82f97996-f0cc-44c7-bdcc-74675621778a',5232,1627721856545,1670392095608),
	('83ad78fc-12a7-4192-b8d8-5727e6ab31fc',6458,1623237696626,1651915630362),
	('85e7d81f-92ec-42b9-8c2d-859968e23e57',2758,1630424222702,1668665130728),
	('86f4715d-8546-4860-9550-fc2fe819b8d8',2786,1630911401529,1656397839736),
	('88473cca-28ea-4eba-99eb-e09925e4752c',4120,1642140705117,1666808601902),
	('886e0d6c-d7bd-402d-b68d-e9ad4e5cdea7',4413,1615673138792,1643978468514),
	('8969cf3f-640f-49b1-8f8a-9780b558d342',2813,1639421234866,1667863314385),
	('89a52918-de6a-4547-80b9-8c3de7e0ad8a',7468,1631018002658,1645980414585),
	('89b36edb-0ede-431a-a8a9-c3561aea48a6',2617,1616513484501,1653591724367),
	('8a1906a8-54a4-4adf-99e4-f4d8cd283127',7473,1631633590628,1671211129658),
	('8a5e521a-312e-4296-8972-b4414eefce0d',6082,1632509228102,1652688381653),
	('8a600179-04ff-4666-bf27-d99c619b83f4',3186,1626316386177,1646938106635),
	('8b0fd29a-cd2e-488c-8365-d943db66607f',4559,1615162422453,1664739344853),
	('8be291a2-ff37-417a-bd0e-ce807aec021d',3788,1617702823076,1649955309880),
	('8c5f723c-516c-473b-9d28-9bb0e656abf6',6878,1634774721540,1662901471812),
	('8c8e927f-f2d2-4709-a0bc-55c7f00d10a7',6714,1624824000396,1659966592141),
	('8ca65a32-0332-42dd-8c48-d63e447c169d',6543,1642345209661,1653570694717),
	('8dd31d7b-f064-432a-bfbf-bb8374554290',6095,1623631679733,1647927665223),
	('8e43ae2a-e9bf-4627-866a-e4084bdb4e14',4265,1625924806202,1654147395157),
	('8f0a0ab2-032f-4325-aace-1fc14a910d9e',5468,1624976926599,1645142779575),
	('8fcd8b20-6e89-4f4c-bb2e-b01059c8b2bc',2582,1634405106794,1653968535469),
	('8fd77c7a-9482-4abc-b111-670c67759c48',7464,1634001624410,1648554751933),
	('91601216-54e9-438a-8f01-e60b7bcab903',5477,1618773265362,1649633175484),
	('926c1424-6569-41f3-a505-90130b38b355',5533,1642130683468,1657423476387),
	('93eaef01-7f45-44b0-95fc-6bcfda8660de',5959,1629844135905,1647453560552),
	('94243202-9d14-4a3b-b524-161eb3444523',3160,1638337222103,1674823874571),
	('94ac5d3a-0de6-421e-a0af-00b197e4e2dc',6364,1630058297423,1648342641335),
	('94ec2fda-0141-4e3a-852e-dabd114804c3',4194,1636521945592,1668825571605),
	('952900a4-597c-4d01-8ea0-0f962aec2037',5020,1615694628598,1667774952377),
	('957ef43b-dbd7-4473-a7b1-c369693ae089',3896,1636237641342,1657039876907),
	('960b320a-57b8-4c11-aec9-a42f821dab9d',2837,1625550312854,1670011568554),
	('9753e6b3-cbe5-45fd-a50f-d628a6afb2da',4221,1615989094269,1663352353676),
	('976cc321-1a70-46bd-b4b5-4d7194ab59c2',6073,1638246916831,1672939393765),
	('97e6dd59-9f8e-43c5-8b59-7d2d874369c0',5416,1640942402207,1645785530894),
	('98aaee7e-7d85-40d0-96dd-2bfebbf82f27',5179,1641485710747,1666791482517),
	('993b6c88-fd20-4cfb-86bb-262053642c79',2818,1628898519782,1653687333800),
	('9951ce77-577b-4a43-9ef2-9eca3cd219da',6246,1623856953423,1664949758117),
	('9a9d48bd-4e6f-4ee3-8ef3-389aaba66121',2438,1636910150195,1670113346916),
	('9ae50e3d-c0a4-4d65-858b-a25558ae374d',2883,1614270945531,1658031088517),
	('9becce94-7e86-4a50-ac8e-0593c8d39352',5233,1620452523729,1649206916897),
	('9c7006ca-6b04-4169-ac4b-d878f6947613',6653,1619166477412,1663428064942),
	('9d35ab1d-8adc-47ab-9088-cc77a969d485',2956,1635854206685,1668967905600),
	('9d839799-e502-430b-b2ef-5e843c6f9bc1',7343,1629964213788,1648625894015),
	('9e12f36c-54fc-4eb9-8b62-d8537cd80842',4496,1633506720977,1658443835514),
	('9e1520db-9306-4906-9dee-972465e0dd3f',6520,1639980246354,1674305826144),
	('9f58fbd5-6e05-471a-bfc8-b95e9412578f',6207,1642430157535,1674919458748),
	('a03840be-6c86-48b2-8275-44b7e99db689',5497,1618387768595,1657201421892),
	('a0ba2a62-69ea-4f73-a7cc-f07ae30ab5b3',3947,1637518878435,1671492378334),
	('a214c44e-22a6-490d-9ec5-6948bd2b8f54',3230,1615421099097,1662829421390),
	('a220353b-b7c5-4f48-9187-4634a4e1221b',6466,1636326749735,1652682797830),
	('a2b815f3-1368-464c-9de7-5c14bc22bf5e',5741,1631964468580,1663326507520),
	('a2f5b517-fc6f-4ba5-938f-04796714b58c',6939,1612307243890,1652126732435),
	('a3167247-66fd-41a5-b513-e57d04e14618',7235,1626518178700,1666919020044),
	('a377d020-bf7f-4ca3-84b5-148947e3df53',7397,1635336878073,1653160857581),
	('a3b43a09-f958-42f0-97bb-942515eca723',4524,1629746993999,1672877960254),
	('a3f49b18-b25a-47dd-b803-ae21e9375088',6854,1620397056817,1648456156526),
	('a405c0f8-05c1-48a0-bf5c-13aecb183a06',6975,1632168804225,1665792626024),
	('a44f034c-41e2-4748-93cb-47a142ced4dd',2567,1640034882341,1674993373965),
	('a55f500f-db56-4154-a374-bb30d99d796b',5942,1628029418970,1668569567308),
	('a5b41d30-d3e5-465d-8227-fd6913c6ab86',3441,1638402519203,1664819814115),
	('a83a5ae0-a970-4a98-9c31-e313ecb0a010',7333,1618404970478,1647893110919),
	('a98cb09a-3144-4bb4-a47e-0fc503a09b36',6347,1629680603366,1669026998622),
	('a9b1dbab-3c87-40a1-b230-479d7d0b3609',4739,1643145982532,1666266121974),
	('ab672308-0486-4492-9725-65197d4070bc',4704,1634835397722,1649908228236),
	('ac41d985-75d4-4ce5-9532-c0686aa3e4d9',3430,1640885080989,1651894231938),
	('ae47c44c-cff2-47fa-94e7-5d928c918a5a',7102,1621396828748,1665820738133),
	('af05c718-2494-4f21-ac98-7159ed81eb63',4401,1612305470824,1656730469578),
	('b013c0cb-00dd-4ab6-9e7b-2fc13e328ce5',6310,1635200737386,1666778803258),
	('b01458a6-f2f9-48a3-9c87-33b191b48823',3699,1642262761401,1651279020161),
	('b023ae54-ff26-4bb2-8c46-fd792fe1474a',2666,1618662732866,1652527817843),
	('b154c1f6-6951-4727-9495-0da235ff691f',6261,1640388659731,1669231858045),
	('b1e55b1b-a5fa-4b68-b1c3-0387f1598df1',2453,1629848328382,1653994660004),
	('b3b3caf2-5633-43ac-8638-cb2f10052feb',6830,1632966986731,1671338049603),
	('b480c9b6-8d64-4aec-809e-3ede8c64c165',2800,1641133251637,1667117751963),
	('b5153c5c-7103-42ee-8f10-9bc0b4664c8f',2395,1624135733299,1658965677023),
	('b58a70c2-8339-4762-90ea-4a112bbf704f',5249,1631339027811,1644557022385),
	('b5ea3995-f30b-4f1c-ba5b-4c537e267a9b',3473,1617652531468,1665127245935),
	('b686d15a-1f63-40bc-a884-463256c70b44',7266,1614514243823,1657265162653),
	('b700323c-4130-4747-8111-09fe13a2e405',6753,1637444883352,1645729065827),
	('b73c5c17-12d6-4c45-84b2-b060e6614b9a',5887,1612382601227,1674895131950),
	('b76b58ab-142e-4796-8d78-84fa83f4dce3',3675,1613532277834,1659737599679),
	('b7a59d53-7e60-48ef-a678-041ed6a7d7f2',4338,1616075785108,1655398440463),
	('b8e28301-acdb-49c2-a831-4b0b9c5ffa4d',6913,1622959879761,1673948580992),
	('ba88ed67-a0b5-453e-927e-ae13a7f42705',3317,1612376805362,1651826111788),
	('bb9a6cea-f11d-4bcf-b11d-79fa58b9d995',5271,1633701251701,1653828835483),
	('bc8a4cf9-3d78-4434-a61c-2f9211801279',2876,1641572193840,1668778448909),
	('bcfcdcc5-197e-46c3-9318-b46278ad0000',3864,1616180635087,1654416080808),
	('bd89893c-52e9-4179-b87a-c62d0e4e8643',6011,1624516805414,1657361334011),
	('bea4aed8-2b5f-4a4d-8c84-125fcf357252',6328,1623566648046,1646530488629),
	('bea77a0a-3395-4e2b-8ac9-dede077a4236',4168,1634430955922,1645780664413),
	('bfc4349a-6522-46eb-9215-4aef38e6dea5',4196,1640354183908,1650962486570),
	('bfc67114-c6ff-4f97-a510-1c1b44abddcb',4768,1632378130696,1667450304332),
	('bfca6e53-a6f1-4c77-8924-b17e0d6bf916',5183,1621087472717,1652756834415),
	('c030a22e-a551-47b6-b432-b4621b532d53',2571,1643276511809,1647213451812),
	('c15c2394-6281-4d6d-bf98-3f8032f72c14',5770,1613343069283,1658320597566),
	('c2930570-6b86-4985-ab96-3545787b6c63',6460,1629336083125,1670577198896),
	('c2a7ce9b-ccb0-4c8c-8f4b-e2c6d1624a3e',2299,1635485916012,1650389564750),
	('c2f86d07-140e-47a3-8912-27f59d5d238c',7371,1617255114203,1662495139302),
	('c30bcf52-1f3c-423f-b825-e5828c887306',7075,1618459475921,1663181907470),
	('c3936db3-64c7-4820-a5e7-ab3094d0e6f9',2904,1634913462702,1656873925184),
	('c3f374f9-5000-4ec6-8a82-2ec244066467',3347,1640533938349,1650345570438),
	('c3f5b596-eb23-4749-98f1-d4989e21b865',2608,1640779474817,1654687261220),
	('c4d1a413-a077-4ff3-9a1a-9468fd9aa181',3509,1640585299072,1669107219016),
	('c54859d8-bff9-41de-bcca-a29f263d0c71',2726,1619089960355,1659020986939),
	('c55af14b-ea17-414e-b28f-a2117c187298',2280,1635759874546,1665054291454),
	('c6903be8-9b11-417a-8a99-9a5c4bd56c76',2895,1614790438525,1655247906862),
	('c6a0bed3-a081-4f8d-8853-7f6382f78934',6582,1625784357480,1653961733909),
	('c6a79a99-d1d9-4cd6-9785-5a5ac66b5c01',2607,1620311803662,1655490715059),
	('c7685653-4bc5-4646-83b3-b50bf5f4e191',2788,1632133005299,1668574327356),
	('c8616a33-4a6b-46e6-ae78-3d7cf741c6df',4080,1639275433272,1667211226191),
	('c88966cb-58b6-4071-9568-dee32a04a3fd',6643,1623606113293,1668211177665),
	('c8e106c0-c8e5-4060-b084-0173ed9928f8',3636,1624906226684,1653678062512),
	('c9b102b5-aaef-4e0b-9fdd-5f53ff215ffb',2513,1617270618138,1655130040811),
	('cae97194-fbc6-464d-87d0-87eb042081a7',7206,1623881847410,1671915916751),
	('cb54ac91-fc77-4520-bc5e-19c832f9c132',5906,1627132679479,1658160584432),
	('cb899063-d321-4691-aa7e-f24fa840dfd5',5009,1634564599851,1649419591690),
	('cbba7628-1eb0-4933-943a-ec0229b51649',5032,1625482774464,1648653066696),
	('cc250bce-b8d7-404f-91b8-d264a4b39509',2783,1629205462996,1655316796054),
	('cce3de08-3838-4228-84f7-e1e3d19eb347',2553,1614610034345,1670068613699),
	('cd15845e-bfa1-4d47-9d6a-75acd9c88bf3',4744,1612849509385,1672308982478),
	('ce3a433e-2369-4a54-b085-408de39e4d93',7050,1638420640441,1655629863973),
	('cf8a2cb0-7100-48dc-82b5-415237876933',4004,1640396886878,1659049077509),
	('d0071b7d-ce34-44c5-8594-83f0f88640a6',3097,1613731328473,1664423229432),
	('d0140358-a6dd-4380-a4bd-197df765b695',7376,1635902074533,1655341182565),
	('d1480b1a-fecd-420b-ac7e-6bc894400483',3540,1627582838755,1644259720717),
	('d1bb1cca-01c8-44e1-9240-d248258b35db',4113,1615940495290,1650437421564),
	('d2461de0-3f31-4884-a37c-b64eb8ffc3a9',3662,1615542878090,1656551550618),
	('d367de8f-835a-4a3d-9355-bfe9dfd82964',5257,1615714923794,1651574939574),
	('d429072f-61b8-4a45-9a00-569ed73d009d',4672,1615920839641,1651973697798),
	('d46e7698-d106-46ca-afe0-3e69830766b6',3136,1620343835824,1667078465739),
	('d5d40d93-65df-406d-82cc-9b94b8cc5836',6166,1629717103425,1669607209709),
	('d656cb00-1836-47cc-ab4f-73be9bb3837c',3841,1628967470948,1673341105811),
	('d75dbcd1-1aa5-4a79-a0f1-97a36dd5ec6f',3197,1634039261830,1661461526920),
	('d777e21a-b260-48d8-af76-0abcf487f81d',5291,1623488046570,1670577560429),
	('d79a8b06-0a9b-4441-b272-a0e9f25d8cb3',3782,1628814345840,1670131654186),
	('d84c5740-ab3c-446e-a968-d374411f2de5',5421,1620329004151,1674192893842),
	('d87bf842-deaa-4a85-822a-e0c52e076c76',3554,1618442129866,1645030943833),
	('d8c7792e-20e8-4b9d-9995-0067d2403ecd',6803,1629658021920,1654540970635),
	('d90a1e19-5ea8-4cff-843b-78d2a8d2946e',2869,1619035341439,1673590110177),
	('d9a1f3b4-7da8-484c-b83a-cb955be79121',2886,1633713568359,1648653421390),
	('da5c30bc-c77c-4cb1-b5ac-1774a8700c0f',3142,1640206815758,1651518451718),
	('da9e4a6b-bd69-49dc-8ec9-fc620c9eee8c',2863,1614192366925,1673188979546),
	('dac8a6b3-1a9d-4e39-8995-775f8f8e23ce',3678,1625367585234,1667203526740),
	('db335460-b3c1-42a0-987d-464328ded723',4010,1637215644019,1659879380354),
	('dba7d238-85cd-41d1-b4f9-023bac3019bb',5737,1625244620259,1659242558673),
	('dd093297-36a1-4f0a-8b3f-3916382853eb',5392,1622399417896,1671047444770),
	('dde2463c-0109-471b-a793-92d4635564b7',5182,1641290432397,1648846070425),
	('de657c9c-5616-4fe4-8d73-afc5e0a7ff81',4345,1618276295859,1649902473549),
	('df33c59b-838b-4d36-9127-415fe1f88bec',6599,1632799863908,1649535453321),
	('df9b364c-e3ef-4230-8530-111c0cadee91',6170,1616631634606,1662208982384),
	('e022d422-d6a0-4074-b88a-0b592729223b',5590,1612163350643,1653148665641),
	('e08ef1ab-5ed0-4cbe-9381-e20475d9e6d2',4518,1631415469739,1652228163610),
	('e0a6545d-8701-4ee0-8b61-17efe88f4bd0',6606,1635859033797,1662333825918),
	('e31f9de8-9c64-4d5d-b386-f7311ac75a34',2485,1636203886063,1668492553803),
	('e3896caa-83a7-4d25-97cd-e6f73ce5c6af',6448,1634570038439,1647712802092),
	('e41129af-2a9e-43bd-b6b1-769642898d74',5290,1638391758966,1646579230692),
	('e4d44974-21cd-4745-8b57-7d2744866b45',6728,1634693700296,1646918935215),
	('e55bf618-effa-45fd-a5e4-4894d01a4812',6487,1617733003822,1648514209778),
	('e5954c20-8ffd-4fba-a276-5e474827e17d',5526,1637303323348,1646377215118),
	('e5de936f-26bb-4bb9-a3a9-22eade579219',6168,1619490088425,1674026923828),
	('e5e19ad9-80d1-4417-89d1-73a3c2e4f7d5',7099,1641522898238,1663932115859),
	('e6a739dd-e3ce-4645-8f74-21d8cc89a5eb',3729,1629622796913,1663313088844),
	('e714f2bb-cb22-4249-a063-42a6c8ea4c8a',2441,1619556641329,1665865821577),
	('e783a7ea-e412-45ae-9860-aa08a0e58289',6283,1614806860616,1643903041884),
	('e7979bfe-184f-4217-9eef-2b25141f44fe',5263,1616288716891,1654295260033),
	('e7c168e8-1c46-4b24-8516-eca6767bcfa0',3677,1642723231616,1644434973888),
	('e8107900-980d-42ca-8cf6-59eb1276b2ad',3340,1623561161379,1654525298323),
	('e81c9dff-4f27-4027-bb6c-e5c7c61e2038',4502,1621352116295,1665320830855),
	('e84756f7-16ca-48b3-9750-a804f0da11e6',7136,1614746402342,1673157455024),
	('e8aad296-120b-42e2-a107-9f3e3b37dce0',5926,1632343582460,1649231306531),
	('e8d2c56f-d747-429d-9fee-3d7c86188317',7289,1618169414649,1647164557046),
	('e9b6b223-1dc0-4de9-a755-e9e25dd8486b',7020,1633643451986,1644855268319),
	('ea4ece32-5e20-4f62-8f05-8960e1dfcc6a',5327,1630400214113,1646954590613),
	('eb9ea0d4-df49-4226-906c-9d82b9681d7a',5878,1615112355931,1647565315678),
	('ebc70e93-d492-4b6a-9b64-16fa4c08f08f',3059,1638746673110,1671996707806),
	('ebf76d7c-0a9f-4331-84dd-d81f1a639a6b',5168,1643463992727,1659676968181),
	('ebf8f881-7a12-4f61-bda5-a071e26a9971',2911,1615044012114,1674175099928),
	('ed54d151-3a69-41a9-be13-0feecd677d3a',2779,1617178077097,1648709518845),
	('edc7c8b4-3ae5-45b6-a093-9335a5cc1580',6009,1613993130314,1667415542277),
	('ef0ec9e8-d47b-4d02-9bbb-2064135f1bdf',6804,1622780850893,1671761242722),
	('f018329b-903b-49dc-a4b0-8e74fcc913b0',5002,1615502997245,1662182053155),
	('f04d5f57-316d-4443-a0cc-2adf980f2653',3300,1620518779604,1661413632992),
	('f0e5a7e1-7cfe-46eb-9394-bb95fe6afe18',3406,1620213718102,1674351045159),
	('f2ce8030-8bdc-4f79-9b50-f09bcf5ad86b',6210,1639962426499,1651335111742),
	('f2deee30-ceee-4a44-a5f6-c1b47fbbaa43',6998,1615422540836,1667689352017),
	('f3e6f32e-06e8-48c3-895a-38d8d6f59e49',3561,1633198339606,1669404130335),
	('f4d6f8c8-ee5f-4549-a454-8d2818419679',3272,1620414900496,1668028920547),
	('f4dbe8b9-1888-472a-8550-0a60a1b20128',5169,1627262707759,1664695177304),
	('f4de2c48-6c89-453c-ac7a-0deec609ff38',3645,1627079901839,1673625677202),
	('f5fe2e2b-b789-48be-b4e3-bb3f5ac353e1',3371,1631923346750,1660403625775),
	('f6137f9d-20d6-4f20-9a1c-9b88318ec255',6209,1622704101511,1673881836495),
	('f72602f7-05b2-4773-9f9e-dae6cecb7aeb',5350,1640818422381,1660029756207),
	('f7e59707-835b-45c0-93d5-c728cc6ef2b4',3704,1641154215140,1663818942565),
	('f85270d8-7643-4d47-9ad2-81cb7ee50e7a',3736,1638741077854,1650635316484),
	('f8cc3b49-4f32-4040-ad83-518fcf7b4d2d',6654,1634840566030,1648930357607),
	('f9793662-2c9c-46d9-95a9-b1a44021958f',4682,1640178611850,1670263026989),
	('f99d51a9-800d-437e-a7e7-570beb97e8f8',2235,1622672133923,1660665244925),
	('f9bfcedc-66a8-4c9b-8c30-92b77d152b7c',2273,1643423251148,1660745292811),
	('fa0615f7-36bc-4296-937b-cf0084410357',6435,1615637345858,1667461187027),
	('fa315e89-c1e3-47a7-874c-0bcc40ff0fb8',4007,1635302344751,1657982678267),
	('fb388ee5-5ba1-4306-920c-f1c743e71192',6062,1621842869020,1666912169352),
	('fbbffa14-5479-4192-a6c4-1147f1f0f12d',4341,1624470518391,1651513013876),
	('fbd87184-767e-41cd-bbe7-989616212ccf',3576,1620640880668,1674215646082),
	('fbedb1ca-0cc9-4c5c-b7f6-96d11d5ecd4b',2419,1628716274040,1651980502822),
	('fbf963e0-5e79-46c4-be1a-b9f62cd6a35f',7158,1640339440828,1668084327562),
	('fd8c4110-81ac-48ce-9550-48e4a347e36e',5164,1633861141454,1672716383230),
	('ff319ba7-e13e-4fe1-b385-1794f501f1bb',7254,1630782074427,1652346100736),
	('ffb63f0d-c23d-4be7-a481-bf5a13afbcad',7312,1641126735497,1651298390843),
	('ffbdb48d-ab6d-4031-bd28-c1a0dbd1a9fc',3573,1633748184509,1668678750798),
	('ffdd1b6d-d465-49bd-9d94-ab6eed4e0f29',7052,1627421798643,1668437743347);

/*!40000 ALTER TABLE `salaries` ENABLE KEYS */;
UNLOCK TABLES;


# Dump of table titles
# ------------------------------------------------------------

DROP TABLE IF EXISTS `titles`;

CREATE TABLE `titles` (
  `emp_no` varchar(36) NOT NULL,
  `title` varchar(50) NOT NULL,
  `from_date` bigint(20) NOT NULL,
  `to_date` bigint(20) NOT NULL,
  PRIMARY KEY (`emp_no`),
  CONSTRAINT `fk_titles_emp_no` FOREIGN KEY (`emp_no`) REFERENCES `employees` (`emp_no`)
) ENGINE=InnoDB DEFAULT CHARSET=latin1;

LOCK TABLES `titles` WRITE;
/*!40000 ALTER TABLE `titles` DISABLE KEYS */;

INSERT INTO `titles` (`emp_no`, `title`, `from_date`, `to_date`)
VALUES
	('0054479d-3740-4374-a2a3-370358b149d8','Chief Program Strategist',1635385474400,1671980220407),
	('011a4c36-bebe-4fe1-9df7-4f4b79cb82a8','Corporate Infrastructure Administrator',1616413257375,1669277205188),
	('0192d4a9-5138-4f98-aa20-edc133b7dc91','Future Identity Manager',1635134243049,1662606523169),
	('02627276-0549-4f18-b4ff-c6c4c161d6c8','Principal Response Representative',1619735499124,1657850546115),
	('02e22813-a2ce-458c-add7-c47346f216fe','Forward Quality Analyst',1637377088892,1650128213705),
	('03cd0bed-100a-4e3a-8c6e-1ac225f9d65e','Senior Intranet Coordinator',1614804804172,1661914189900),
	('03e0b9c0-1fb4-4cb8-a1ec-0915ac48600a','National Tactics Technician',1619851332707,1647072100695),
	('04d4af8b-d191-4140-8c3e-b9a95db6b8a8','District Solutions Administrator',1624143651133,1650584848979),
	('057b859a-e97b-4614-a2d3-896032ac02e6','Global Security Director',1632901716216,1649000591259),
	('0646b35a-4167-46c6-b5c4-941ee94d0d7a','Future Accountability Technician',1640081711867,1657294779016),
	('066c63e1-8cbd-4315-a08d-6a133f17030d','Investor Research Associate',1642542395893,1648997580358),
	('086b6bc4-385c-4f40-a736-39177963d4ad','Lead Paradigm Developer',1614927295373,1664792714079),
	('089b9b70-9a38-4219-86ec-d121308d5f90','Senior Operations Supervisor',1614053698500,1653437114203),
	('091fdf03-1384-4506-a486-dba0ab94f0b8','Legacy Quality Developer',1634879886622,1669432144582),
	('092f3a16-6388-4b1b-b7d4-cdc1adffbd87','International Factors Supervisor',1631277947613,1658018949948),
	('0950142f-8ed5-4eb8-a6ff-dc9135eb60a7','Human Optimization Developer',1633610260096,1647635272984),
	('09ed8e37-e46a-406b-b559-397c2fa4ab64','District Identity Administrator',1628293664085,1671579518482),
	('0b2392bb-2b03-44db-966f-dadd97eaf5f4','Principal Mobility Architect',1635700715804,1657809967584),
	('0b2537d6-0850-4506-ae4b-0935046b95be','Human Group Producer',1616877795849,1651971274531),
	('0b927e7d-8d1d-40e1-a71b-eb75748e2ba6','Customer Accountability Director',1617568475127,1649848106967),
	('0c1bfb24-55bd-40d9-8246-aaf2c51d0159','Future Usability Planner',1642437452170,1668470751650),
	('0ccc3dbe-eb06-450f-8e03-088dc455f1b7','Internal Identity Developer',1626456980158,1650978656143),
	('0cedeec0-59aa-4bc8-bff4-a60fbbc12b3b','Senior Communications Director',1634224907965,1650277526108),
	('0dcb7394-97e7-4f48-a438-5131d04e8f27','Central Infrastructure Representative',1640251527003,1663036176208),
	('0f636ae6-323e-455d-9245-98f3e19d58bf','Central Applications Coordinator',1638823733736,1658986338545),
	('0f6ac727-4f7f-40fd-a5fc-2b33ede9e4b8','Chief Integration Strategist',1633683756020,1671477987185),
	('0fa514cd-5176-44e7-89c5-0061be90acf4','Customer Assurance Architect',1631353430760,1653052941422),
	('0fb0a1fb-a750-4bc6-8691-f4f353145bb4','District Solutions Associate',1639892916815,1663498283985),
	('101ce52f-ff74-47a2-bb2e-88f3890aa085','Investor Functionality Specialist',1620459113580,1660241636917),
	('11c7bb5b-afc5-4ba4-930a-49855333ed3a','Senior Interactions Facilitator',1629711808952,1666513876258),
	('126f08ff-96e6-423f-99fb-79c582c1eda1','Corporate Data Agent',1626446580711,1649800614592),
	('127d5a65-ba56-47a8-9506-c0966a306c20','Forward Applications Engineer',1637584673003,1651666040350),
	('12be3673-91fe-4e3f-9d56-ae87bf6bbfe1','National Mobility Liaison',1633830756080,1650635126111),
	('12e8438e-93f4-4c32-8777-bc8434061486','Principal Communications Planner',1633977671362,1652271614655),
	('131a25d4-6020-4751-8295-dda270354a61','District Implementation Agent',1632291783556,1657811839695),
	('14455a69-36ae-434e-a6b3-87fea4fffcce','Central Division Producer',1628347943894,1648896012211),
	('149ffe60-fd0f-431f-bf0a-aaa23fc57823','Human Marketing Facilitator',1613905539722,1667405065110),
	('14ef4acd-228d-477a-b3bc-af85a163894f','Chief Implementation Assistant',1628315097909,1674250202190),
	('1527d8f3-4d54-4ace-8b6a-a533e79529fb','Product Solutions Analyst',1632260336951,1672783676319),
	('16843a12-0780-4253-b515-f2140afcd5bf','Corporate Functionality Orchestrator',1627475604846,1663886564561),
	('16e02e0d-0ec2-4dd3-9d99-0e684e372c7a','Direct Program Liaison',1628691836535,1670970186554),
	('17406bd8-76ac-4323-86fb-c682c9382f63','Legacy Security Technician',1622739695566,1667724300507),
	('177165ce-fdb0-480f-8b51-31dd941fc597','Direct Markets Facilitator',1627489761358,1672637398677),
	('18649932-606f-4222-a8b6-83c96c561b26','Corporate Infrastructure Liaison',1637804143760,1649645028455),
	('18b3900b-8c8c-4760-af8a-ac7bd20078b5','Central Branding Technician',1615860162014,1659523261854),
	('1a05c0f4-7c98-46bb-b8ba-d1e94eb87439','Human Security Agent',1620212633569,1672283680561),
	('1b256ea4-c96c-4b00-a971-c0d1eab9180a','Dynamic Brand Assistant',1637809287174,1660660117993),
	('1b51fbfe-92e1-4a14-a670-678618565924','Future Applications Specialist',1620694046590,1645337560789),
	('1c26a56f-85aa-4ade-81ee-9acf831b0013','Senior Assurance Planner',1634410052599,1643540729828),
	('1c57bbc6-0d42-43b6-8694-52fe4ceeb27a','Principal Accountability Supervisor',1632179472014,1652393371342),
	('1d50347c-2a85-436c-8b03-6fd4aee202cf','Principal Factors Officer',1624579425470,1653930607638),
	('1d60d343-bc61-472f-ae09-9f7431c22790','Principal Tactics Developer',1616615241250,1661370650813),
	('1dc31c6d-f7bd-4feb-8906-736d3105d2d3','Future Intranet Assistant',1640238600016,1645224266997),
	('1ef4e91d-1e70-41d4-a97d-3a0f27716961','District Factors Associate',1632179036061,1649267948569),
	('1f388f90-d6c4-445b-abae-1cf9209a7f9a','Investor Implementation Coordinator',1615759205535,1654675991674),
	('1f7663ae-6d9f-4587-b616-8eb149eda269','Chief Optimization Planner',1632454880945,1673101252720),
	('1feacdd4-d4ff-41f7-93d5-39d3a1eefc9e','Customer Paradigm Facilitator',1612699415169,1656758149832),
	('209637fa-282e-44be-9511-fa873398c450','Internal Quality Producer',1636907368006,1667752894945),
	('217f7e95-8a56-4c69-93d3-867c224f20da','Human Operations Agent',1614514912627,1651481591862),
	('21b0660c-7aa8-4040-8cd3-02550d908897','Senior Applications Associate',1626709938952,1655007917405),
	('225bcc97-3bf2-4a27-873e-e20aa16d8457','Principal Paradigm Administrator',1635908386386,1651368235772),
	('22875b6d-b18b-4ec6-b5f8-04e37e7b5a5e','Corporate Interactions Planner',1634935000174,1670180355856),
	('229181a7-ba22-44ba-b3f4-c31280942265','Chief Marketing Representative',1642401723814,1661689646939),
	('23861889-ed59-414a-882b-b66d9ce42134','Product Group Administrator',1633596582719,1644135946751),
	('23d2decf-5bfe-4614-83e8-411ee167f438','Corporate Infrastructure Liaison',1632679149086,1672347987239),
	('23f9c7d7-d11b-40b2-9cdd-029e265f3c25','Forward Operations Analyst',1618505287335,1656849079026),
	('245d93af-e691-4143-bfea-548b59351bdf','Forward Integration Facilitator',1640084105420,1670035337683),
	('253f020a-e9f0-48c1-9045-2559b0727707','Product Marketing Coordinator',1641927757478,1670641487187),
	('25463e06-67f4-4917-90ff-035b238c6c0d','Direct Group Strategist',1618185229228,1673736221070),
	('25dfd035-15e1-4461-b0de-8ec677bfc8c7','Chief Communications Orchestrator',1626592070140,1669522324063),
	('261ab1ec-b05e-4572-8fe6-1900cbe74061','Regional Research Architect',1634871800383,1664889333503),
	('2654baaa-6eb9-4aaa-a141-5415ed930948','Corporate Identity Supervisor',1616803107673,1671544856395),
	('265722ee-89ef-4b2b-9c0f-04330d8a2e5a','District Functionality Consultant',1613465671847,1651403984981),
	('265cd52c-c31c-407c-89ec-3e3ae179b8d2','Central Security Analyst',1632312334916,1646717623128),
	('266e1454-fd00-49b2-a920-87dfb8075fef','Regional Brand Associate',1618349030187,1669740683623),
	('2689d838-6da3-4ae0-b011-bf7dc7985ef5','Principal Web Liaison',1633068536517,1672250496807),
	('26a996c5-c598-449e-8df1-5fdd3e2b67bc','Principal Division Consultant',1642037399326,1653940441346),
	('2872fa13-6536-4ca7-b891-e5ecaff9695b','Global Optimization Analyst',1619439380081,1648797026641),
	('29965083-41af-4fcc-8764-5200e98638de','Senior Functionality Analyst',1617596886246,1647973101433),
	('29f7e031-a891-4790-97cd-3bd53caf5177','District Metrics Assistant',1636973862896,1644361864909),
	('2a27cb0f-a089-4ffd-9108-c3b3d2ab111d','District Accounts Facilitator',1639622390886,1667317252320),
	('2aad8751-e9f8-484c-9c4b-acc0be9df0d0','Human Operations Executive',1632792488471,1660641497705),
	('2c80d2cc-c7ca-455a-b8bd-094050cbc443','Human Markets Technician',1627788013242,1672410883643),
	('2de50ac7-d06e-43f5-b69b-79be8ba9e6ea','District Quality Administrator',1618727210530,1655512506769),
	('2e19f837-abf3-4835-a2e8-4d12b91ade9c','Investor Operations Coordinator',1630988105349,1661296992376),
	('2e39d002-7fb5-4b58-8e22-81b849d16f1e','Product Creative Coordinator',1640805108161,1658150590949),
	('2ed145a3-9682-4e5a-8fbc-67bb24d6f970','Customer Division Representative',1614957827648,1663218423131),
	('2ef63e91-b9ea-49c9-a2a9-8e26ab387443','Product Assurance Orchestrator',1613995875042,1655840154774),
	('3007577d-27b1-4d1a-a3d9-a9f1ff43aba5','Legacy Implementation Designer',1629368070157,1655642171606),
	('305503e1-123f-4d47-859c-24bbb2eb8c9a','Dynamic Communications Strategist',1613745245504,1666016515403),
	('306ef61d-3e06-40e6-a709-2b9f718346ac','Dynamic Quality Director',1637466865457,1673733575058),
	('3082c098-3c0a-419b-ae4d-0c9fb02ff200','Legacy Optimization Director',1632312836383,1644985537296),
	('31586798-45ce-49e6-8afb-98d416037b7b','Chief Web Analyst',1615129255227,1655113518249),
	('31d29349-c59c-479b-a92e-44d65a41f503','Investor Usability Strategist',1618254288208,1653824154633),
	('31eb534a-b119-49a6-9b90-661e66a64dd2','International Division Designer',1623571794596,1660611534963),
	('32a31233-529f-4ed7-b826-b2ec48102669','Principal Applications Liaison',1613658372168,1659851933515),
	('32b5f69d-790c-442e-89bc-701973ae6882','Corporate Operations Supervisor',1614999962307,1654996447301),
	('32d80d80-6987-42c2-953c-8bd7acfc4a53','Global Directives Liaison',1619604289088,1646655619140),
	('32dfcc0f-b530-43ba-b6a6-96cde446c20d','Dynamic Intranet Assistant',1625596120357,1645775459366),
	('33c168d1-9b57-4c29-9423-913733052df6','Chief Markets Specialist',1620255210512,1665558436180),
	('348cd827-c257-4002-bcd2-930d4f29a018','International Communications Associate',1632381081325,1667217859866),
	('34c7edf8-3259-4020-91a7-603df6e3725c','District Configuration Director',1630533424493,1673060592965),
	('34cc57b1-4d9e-4d1f-b201-52f1065043ea','Direct Group Officer',1635902068977,1670199851559),
	('3514f172-f0ff-4e86-a3cb-ec217ab01625','Corporate Response Designer',1622701124675,1648845623445),
	('35e2bda3-6db4-4b30-a0b7-0a40f1d52f04','Chief Implementation Liaison',1640482332190,1667468752196),
	('391f41b7-f26a-4a1c-94cf-bbde49fa8acd','Central Assurance Strategist',1639008863868,1670119851620),
	('3a6748e2-7671-4d71-a59e-e95656278a90','Central Markets Supervisor',1622100607802,1662529998379),
	('3c747cf6-391c-48e2-b0a2-72f1e0223af7','Forward Research Associate',1612543959745,1662787637958),
	('3cb3973f-2db0-4ac7-b1e5-75914e49154d','International Integration Administrator',1639031294656,1649361889776),
	('3d9f96dc-fe72-4d71-97f9-51212fa5fa9c','Dynamic Response Liaison',1620080891542,1650724649204),
	('3e145967-4a7d-4862-89e6-6b03d96f9ab6','Corporate Infrastructure Director',1637790902234,1663504279909),
	('3f9b8db0-db1f-446d-8b57-566ece1202dd','International Marketing Planner',1612545757616,1652244115341),
	('4097afbf-1bcf-4332-a8ec-7d089340e5cb','Product Assurance Designer',1617240614984,1660158691110),
	('40d69304-57de-4066-b78a-586d4d3a56e0','Future Intranet Planner',1619648061697,1649281303819),
	('411ffd6c-c609-4a6f-bed9-9a264fac2102','Customer Group Designer',1642151255634,1650146787140),
	('418388a3-656a-41c7-822e-6aa73084dfb1','Senior Division Designer',1641226474644,1674922560197),
	('42799b69-adf0-4cf5-93a7-f642446cee70','Forward Implementation Director',1625696202410,1648882569019),
	('42b61510-1f74-4913-a731-15c06d69bae7','Lead Branding Director',1619379997045,1657233540239),
	('4321f8a3-e0ed-4aa4-b0a5-e3a1ce6f197d','Investor Mobility Manager',1630909384919,1665689284890),
	('43db978a-e618-423c-92b1-fa1f44da61eb','Product Factors Officer',1625460180729,1668664996625),
	('43dc6511-1c4d-4e94-b9e2-1bfef587f28f','National Web Engineer',1629105615793,1673372100927),
	('450a6372-2681-48bc-8f83-32ea13698d99','Central Implementation Manager',1624208552471,1662702130702),
	('452110bf-d0de-4067-8ad9-76b98a37065a','Investor Applications Executive',1619899186554,1673181046580),
	('457fc870-7fe4-43bd-90ff-10c1518a7530','Product Division Engineer',1643443967007,1662375908067),
	('46133580-e16a-4d33-911d-f4522e116d86','Legacy Web Orchestrator',1612194338186,1666624064714),
	('4662e39e-58a6-4918-aee7-3e9d1f77e224','Customer Division Director',1639814994583,1667103484261),
	('4664ad8e-d4ef-41ac-9827-64787652bcbd','Internal Interactions Producer',1627237988580,1652558729123),
	('47171aff-b3f3-4963-83b7-49534e8942df','National Solutions Administrator',1633251288152,1646141357809),
	('47aee8d9-88ec-4d8e-8d46-001713992479','Corporate Factors Coordinator',1619938049605,1649493251172),
	('48942e12-3ddf-41b8-a2e6-17f66b78f945','Chief Paradigm Associate',1627994672435,1661387198748),
	('48c52913-29a1-4661-9d6b-f6d4675fbe51','Investor Accountability Agent',1626064858734,1671042857365),
	('490a7ca4-0d78-4de0-a0e2-8b4dd7107d7c','Dynamic Implementation Officer',1641023461196,1665425280535),
	('4936fb4d-8da2-4132-b59d-f7a659920ab2','Investor Accountability Assistant',1634391766084,1658197212350),
	('4a1547ad-56c3-4865-b42d-c84a047d2b90','Human Accountability Representative',1631913295681,1651358518154),
	('4aea6c18-2b8b-4838-9067-6a87ca7b3bd6','Direct Directives Executive',1638430922780,1658082452700),
	('4aefd7cf-a90a-43ed-8caf-297cf92afdc1','Future Applications Engineer',1643229609474,1658233288211),
	('4bedce2a-1250-410f-b65e-568901639faf','Direct Response Producer',1643101410913,1644765608021),
	('4c77524d-f4b0-4784-ae7c-0512993a4fea','Dynamic Security Engineer',1629994809746,1658039446606),
	('4cf97384-358d-4e68-a1db-55e25559400b','Dynamic Accounts Orchestrator',1620302292358,1656263827572),
	('4d84dfd2-bdb7-4ece-a89a-646fd19ef569','Corporate Marketing Orchestrator',1623093643149,1672129276755),
	('4dc51f2e-ef33-4dd2-b0c9-fc55ad7541be','Regional Security Orchestrator',1627674719755,1650691901123),
	('4ebf5d50-41eb-48ef-adeb-88ab2a662ca5','Corporate Division Associate',1631702343820,1660826716408),
	('4ed91868-da4b-4231-9ef1-0a5de27d71f7','Forward Solutions Associate',1638272244962,1665628898095),
	('4f06f37c-7dd7-42b2-8762-ca306f014220','Global Usability Representative',1636210640737,1652384012190),
	('4f2ffb58-79e3-46bb-b71d-8562650f2e92','Principal Intranet Facilitator',1632308487484,1667182283439),
	('5055f0f2-a339-434b-950c-b95aa7201470','Internal Paradigm Officer',1614605632115,1658051659100),
	('50e47382-0ea6-4877-8752-57cf25ed4103','Future Markets Analyst',1621827974104,1662666762388),
	('522e05d2-5cae-4093-abe7-e490e48f55d7','Direct Security Agent',1618073467741,1647842043590),
	('5249386d-e21f-4507-b81a-1b85c1c67452','Corporate Integration Specialist',1627207037799,1659694578306),
	('525ee02e-6437-477d-b347-7cff2c59f313','Future Functionality Coordinator',1618151488752,1657875498612),
	('52669159-9284-460d-839f-fd8c25b9147c','Future Markets Liaison',1624764757975,1656358409548),
	('52713665-b0f0-43a0-a97e-f892046d1e89','Dynamic Accounts Facilitator',1636743741116,1666228156308),
	('534ba244-2825-424d-bb13-9c659f182c8f','District Optimization Consultant',1621646669002,1667220283463),
	('53520ca4-2715-4ffa-a603-72315af61605','Principal Group Planner',1619834637481,1665770200392),
	('53c8bf6a-c9ba-4ce5-bc85-6260d17560e8','Legacy Brand Specialist',1625062910487,1660491374972),
	('5413c0bd-e3fd-4bc4-9337-4c99d91ef355','National Metrics Facilitator',1620749364288,1648282153030),
	('54851f31-da0f-4e37-9ccf-eee266a2114a','Dynamic Assurance Architect',1638979450687,1644489946822),
	('54b013f5-7aa0-4b52-b933-a66cace20a78','National Configuration Supervisor',1642797931799,1650372215072),
	('54bca75c-f7f2-48e5-8944-5c19b1f9b904','Dynamic Program Technician',1636677565185,1664351253863),
	('552dbd2d-4da3-4de7-a4f8-b72b6919317a','Dynamic Markets Consultant',1627738637353,1671170567977),
	('5552403c-9242-47b6-9faa-c06be3b9e742','Product Creative Technician',1640331210305,1665953684980),
	('55b84be8-1dad-4f86-8309-47f73b549c4a','Central Accountability Producer',1635440799031,1659427212911),
	('56db6893-8310-43e7-8a86-3d3f364f0813','Product Interactions Coordinator',1617438054661,1668094767161),
	('5741ab7e-9519-4537-b496-f25e4d692291','Dynamic Data Administrator',1637586500300,1655872431310),
	('57dc3cd4-1d7f-45ce-bfe4-1f2a097c168d','Principal Paradigm Officer',1638527972303,1650175464121),
	('57e7169c-dace-45fb-abc8-25fe06f89d68','National Optimization Director',1633102087408,1648671651054),
	('5808666c-05eb-44fe-80b4-ea62106c1fb2','Regional Paradigm Analyst',1614716679327,1673562411397),
	('586cfedd-24b8-4a51-85e5-f165c542c454','Regional Response Specialist',1631639618479,1650127802471),
	('58e00591-6923-4305-9267-816d27bc688b','Lead Tactics Liaison',1634895293596,1656766830499),
	('593f250d-783b-441d-9fa5-8d36bc80a229','Human Mobility Liaison',1641189622372,1659834850711),
	('59995bfd-4b73-4c63-abca-cc2fe3e0bbe4','Customer Security Liaison',1620675030392,1655547799866),
	('5ab619a2-e98c-420e-8419-ba967193ee71','Corporate Accountability Facilitator',1623756550171,1668048463022),
	('5c56967d-12aa-42fa-bda1-1a0cfe185f84','Senior Assurance Analyst',1616306656657,1645272756050),
	('5c8b6dcc-2ae1-4e39-8e57-242aa84e5505','International Paradigm Executive',1628504693591,1650423718997),
	('5cbbe73b-6574-48b3-b39a-3ccc59c125f8','International Brand Engineer',1625765037291,1666962298225),
	('5cc35080-abeb-4351-bc23-657596fb4db5','Internal Research Director',1633690814889,1664964783532),
	('5d2344bf-60a1-416e-8181-53fb04bd0f81','Future Paradigm Manager',1634443346051,1656537018113),
	('5daf05c0-55a4-4558-9bff-b40ca0660b5a','Lead Directives Strategist',1639935050864,1660877478977),
	('5dfaddaf-8505-4e91-b963-588c308a4402','Forward Directives Facilitator',1613101143711,1652014342193),
	('5e508e2d-635d-44a5-a918-99d7240d9907','Direct Marketing Officer',1627865182178,1674220779687),
	('5e57a227-bd2f-4b6f-a47e-ac3e883b24f0','Customer Security Orchestrator',1629672520410,1645048949997),
	('5e901ae6-bcc3-4c4a-8d5d-3ff72bbe2a53','Dynamic Web Consultant',1637688241700,1670080554249),
	('609eb25d-9908-434b-80a9-8ca5866424ea','Senior Group Manager',1619227301482,1660142022231),
	('614898be-d65f-4485-975c-f2b42c33f7f8','Corporate Implementation Director',1618412173219,1660017826232),
	('617b5dec-eec0-412d-814e-19d4bd1a526c','Future Intranet Associate',1626529539655,1647973127326),
	('617c4642-d169-4c2f-bbb9-1ced88aebc6f','Dynamic Functionality Engineer',1623503524719,1649831310738),
	('62a131c9-c77d-4ba0-8b64-954c61002f8a','Human Functionality Specialist',1639005756793,1657896249931),
	('63a3be6b-1199-4ab2-b683-397d28025982','Principal Group Officer',1626075581400,1648606498381),
	('6542dccf-294d-4d99-9b2c-d926fe7d78ac','Lead Branding Technician',1634675526407,1664906019983),
	('65bff6c7-b6ee-48ec-bf34-102375f29a2a','Principal Research Developer',1629422241899,1656185760412),
	('66305c42-3d0e-4921-8782-6a5a76ab4389','Forward Factors Specialist',1635486284474,1667334569642),
	('67463b57-d879-4a43-a198-ce3578bbe5cc','International Solutions Architect',1612764820741,1647765059047),
	('6777ed36-7e2e-4845-a7dd-e700bec7a1db','Corporate Directives Manager',1642679255565,1651515988516),
	('68471939-f7fa-4823-8fe5-e85e10c3ffaa','Central Data Officer',1634112366927,1660194407365),
	('68b03a31-eec6-4b21-a868-b5047667cd92','International Integration Specialist',1639012943608,1651826036419),
	('68b84f34-ddc4-48e7-8930-5bfedb583ab7','National Solutions Assistant',1624235732810,1645498948443),
	('6948cfff-66d0-4a88-8194-c548b8d6826b','Legacy Integration Director',1630611733483,1646927055407),
	('698a5adc-4f4a-4acb-830f-d28bb67bd0ef','International Mobility Manager',1613903007850,1648948288548),
	('6a4a8b48-dcf7-4ede-bfae-4b1c2dbf2a4d','Lead Accounts Agent',1631369758879,1665143345625),
	('6a9c897c-f248-45bb-9908-a52038ba87cd','Corporate Configuration Planner',1636858306171,1649426737593),
	('6b67660e-2b35-46bb-b30a-f1265ced294d','Lead Marketing Technician',1624905623088,1649701050979),
	('6bd47d73-e826-428b-8664-31633164d9bb','Lead Operations Liaison',1620307793927,1663495635771),
	('6be8aa95-93b1-4aa0-b4ca-f719db800707','International Configuration Specialist',1618807100844,1658232614357),
	('6c0e9ac7-2455-4d00-93ca-5c1870d118e3','Future Operations Developer',1620718283145,1658280613321),
	('6c284a94-49fa-4927-9962-cf724105550c','Senior Research Specialist',1614597931519,1669390556624),
	('6cf86c76-44a4-445c-a607-9347c34e5007','Corporate Response Representative',1632515247394,1648863683016),
	('6e4ee260-9651-4124-8aaa-e88668659882','Dynamic Factors Strategist',1643420250045,1661203166007),
	('6ff6166f-725c-4af4-952a-a787d7d28b5b','Dynamic Identity Specialist',1637481258538,1646928047979),
	('70b7ac1b-fb20-4cc6-8447-b312a05900fa','Lead Solutions Analyst',1613965989784,1662503339651),
	('713c252c-b040-44d7-8189-8b188e9ee097','Internal Tactics Manager',1615582505678,1657170369044),
	('71ee7135-8a32-4603-992b-e7b9463c89b6','Global Communications Coordinator',1612573482327,1652930800768),
	('729dcf89-8da6-45bd-b439-ef506efffffb','Central Web Officer',1638709928764,1672234284222),
	('72ee769e-e521-4524-96e8-9a4fd7263734','Chief Quality Consultant',1627061182311,1674964046734),
	('73babd59-92f3-4d7f-a9b1-8cd372e20e11','Dynamic Response Officer',1638174640710,1658911356724),
	('73d40b4f-0e11-4d82-addd-c293b6e3882e','Dynamic Quality Supervisor',1627638349881,1644997064460),
	('743a18b4-afec-46f7-b97c-32d6ec2f70e4','Direct Data Specialist',1613440256231,1674661221397),
	('74ad4fe9-4592-43a0-a496-870772e2087a','Chief Security Executive',1613480286041,1668179008547),
	('75cb6a16-cb52-48fd-b4d3-a8ae76b6da74','Forward Implementation Executive',1627077357768,1663807302173),
	('7702ef48-ae36-47c4-bf70-79bdb3348149','Dynamic Factors Manager',1621337803321,1650460405261),
	('77d7f465-26b6-4cc3-b2d4-e59d36ef1e2c','Direct Infrastructure Designer',1621175480020,1673226090487),
	('787bb35c-44b5-41e8-8004-a9a20eb1f66b','Investor Usability Manager',1621066860774,1659869999947),
	('78a4af95-76e0-49e4-8996-54e1a7efeebb','Dynamic Branding Designer',1632097060081,1648289703333),
	('78e0d8ad-2021-4fbe-9bf7-9f2d129aecba','Corporate Program Engineer',1642274581288,1666655755684),
	('79a6a052-e5f3-44e7-8607-eff04fc2d091','Investor Accountability Analyst',1638651181805,1664062850011),
	('7a39b1a5-3605-4f54-8dcc-5df075028e4c','Senior Group Representative',1628583104789,1651053388281),
	('7b1ffdd5-7cf9-4d00-b718-dc2670eb1fd7','Legacy Usability Specialist',1614803293200,1654488272379),
	('7b2af1b2-0b46-42be-b05f-26c4da7765ae','District Metrics Liaison',1624009243613,1653988229917),
	('7b4f323d-13d0-4e98-b23c-14028ce2d3cf','Customer Communications Representative',1621597498820,1660485237373),
	('7c0c4897-526a-42b9-b84d-b860ef8dcb14','Senior Branding Orchestrator',1619420066270,1646631526595),
	('7c56d8a0-ff61-4913-b1c1-0a5dff8ccafa','Dynamic Solutions Planner',1625447920552,1655825562205),
	('7cb8c358-ab85-4dec-9009-fa87e4d91460','Internal Paradigm Director',1616800616503,1649690858461),
	('7cf31cc1-30e7-4845-a4db-3d288b7d9169','Legacy Web Specialist',1640219173391,1645239316332),
	('7d007050-1748-40f2-962e-1d5d57babf9c','Chief Creative Assistant',1628521909059,1662664440035),
	('7e5919a9-74ed-4234-b7c6-a50885123276','Forward Tactics Agent',1638727595760,1657258690206),
	('7f59c511-6df0-48a6-b321-d9ef1f09cac6','Global Factors Developer',1624347925080,1653211153518),
	('8043ea21-2fb2-4793-ba14-b80caeb34671','Future Optimization Assistant',1629590879003,1667510410041),
	('80560233-7f19-4e86-a788-014a91720f9c','Lead Web Facilitator',1642639713885,1664491269141),
	('80cf3e52-eaf4-45e3-856c-6f77b9f00854','Global Configuration Liaison',1628496750267,1673073532477),
	('8197b48b-d850-482c-bfe9-138c23de0bdc','Global Data Analyst',1622611533828,1660958612939),
	('82f06e27-7bb9-47d1-82dc-fe935c837ca3','Direct Operations Consultant',1617959291011,1652928126272),
	('82f97996-f0cc-44c7-bdcc-74675621778a','Corporate Intranet Manager',1623140450858,1656459562855),
	('83ad78fc-12a7-4192-b8d8-5727e6ab31fc','Future Paradigm Coordinator',1624853494041,1649720329551),
	('85e7d81f-92ec-42b9-8c2d-859968e23e57','District Program Supervisor',1619061507529,1663098391205),
	('86f4715d-8546-4860-9550-fc2fe819b8d8','Internal Security Director',1621402927483,1645240001777),
	('88473cca-28ea-4eba-99eb-e09925e4752c','Internal Quality Liaison',1629423827630,1650203839567),
	('886e0d6c-d7bd-402d-b68d-e9ad4e5cdea7','Human Marketing Facilitator',1630537709184,1651015605749),
	('8969cf3f-640f-49b1-8f8a-9780b558d342','Human Functionality Consultant',1615740651275,1659854722815),
	('89a52918-de6a-4547-80b9-8c3de7e0ad8a','Customer Operations Officer',1624616491093,1656827154949),
	('89b36edb-0ede-431a-a8a9-c3561aea48a6','Human Identity Engineer',1630732090485,1656903640799),
	('8a1906a8-54a4-4adf-99e4-f4d8cd283127','Lead Solutions Manager',1638882573308,1659164394184),
	('8a5e521a-312e-4296-8972-b4414eefce0d','Chief Marketing Associate',1635101886889,1652745371593),
	('8a600179-04ff-4666-bf27-d99c619b83f4','Direct Program Supervisor',1629147176883,1645658893780),
	('8b0fd29a-cd2e-488c-8365-d943db66607f','Senior Tactics Assistant',1641324711725,1650385622709),
	('8be291a2-ff37-417a-bd0e-ce807aec021d','Global Paradigm Producer',1627285290783,1664926146121),
	('8c5f723c-516c-473b-9d28-9bb0e656abf6','National Operations Associate',1626631050235,1674091559568),
	('8c8e927f-f2d2-4709-a0bc-55c7f00d10a7','Dynamic Security Assistant',1617320856930,1661083862923),
	('8ca65a32-0332-42dd-8c48-d63e447c169d','Future Identity Technician',1615152464790,1646727886148),
	('8dd31d7b-f064-432a-bfbf-bb8374554290','Investor Web Coordinator',1620884681911,1666806391559),
	('8e43ae2a-e9bf-4627-866a-e4084bdb4e14','Corporate Creative Agent',1631685054449,1647665501810),
	('8f0a0ab2-032f-4325-aace-1fc14a910d9e','Global Assurance Technician',1630113907052,1654310326555),
	('8fcd8b20-6e89-4f4c-bb2e-b01059c8b2bc','Customer Configuration Director',1643356374670,1663736263652),
	('8fd77c7a-9482-4abc-b111-670c67759c48','Investor Implementation Representative',1630660955133,1671326891653),
	('91601216-54e9-438a-8f01-e60b7bcab903','International Tactics Orchestrator',1630834880283,1652395179514),
	('926c1424-6569-41f3-a505-90130b38b355','International Integration Director',1618940567036,1648537849106),
	('93eaef01-7f45-44b0-95fc-6bcfda8660de','Principal Operations Producer',1636850158076,1649977637248),
	('94243202-9d14-4a3b-b524-161eb3444523','Legacy Accounts Developer',1635178407528,1667277314492),
	('94ac5d3a-0de6-421e-a0af-00b197e4e2dc','Chief Intranet Specialist',1630246302227,1667732023197),
	('94ec2fda-0141-4e3a-852e-dabd114804c3','Legacy Configuration Analyst',1642419598510,1658405342534),
	('952900a4-597c-4d01-8ea0-0f962aec2037','District Usability Strategist',1624651143260,1653052378239),
	('957ef43b-dbd7-4473-a7b1-c369693ae089','Chief Brand Administrator',1621322751913,1656016879188),
	('960b320a-57b8-4c11-aec9-a42f821dab9d','Direct Accountability Developer',1641047651900,1645061479332),
	('9753e6b3-cbe5-45fd-a50f-d628a6afb2da','Corporate Accounts Consultant',1613616628599,1656891718330),
	('976cc321-1a70-46bd-b4b5-4d7194ab59c2','Internal Infrastructure Associate',1630515700633,1670721530076),
	('97e6dd59-9f8e-43c5-8b59-7d2d874369c0','Dynamic Quality Engineer',1622721450562,1668178933839),
	('98aaee7e-7d85-40d0-96dd-2bfebbf82f27','Corporate Research Facilitator',1635784716968,1662905589539),
	('993b6c88-fd20-4cfb-86bb-262053642c79','Regional Factors Technician',1616398765894,1648959842384),
	('9951ce77-577b-4a43-9ef2-9eca3cd219da','International Division Executive',1621102501484,1673669742195),
	('9a9d48bd-4e6f-4ee3-8ef3-389aaba66121','Future Security Supervisor',1614631898594,1656970337713),
	('9ae50e3d-c0a4-4d65-858b-a25558ae374d','Forward Functionality Architect',1618840479424,1671397130972),
	('9becce94-7e86-4a50-ac8e-0593c8d39352','Dynamic Research Representative',1625741640380,1647950484300),
	('9c7006ca-6b04-4169-ac4b-d878f6947613','Future Factors Coordinator',1642635128828,1655082382703),
	('9d35ab1d-8adc-47ab-9088-cc77a969d485','Chief Paradigm Architect',1637492881558,1662524905085),
	('9d839799-e502-430b-b2ef-5e843c6f9bc1','Principal Brand Specialist',1631687690989,1647505743943),
	('9e12f36c-54fc-4eb9-8b62-d8537cd80842','Principal Accountability Architect',1641633882831,1671880412382),
	('9e1520db-9306-4906-9dee-972465e0dd3f','Internal Marketing Producer',1634053649574,1663510256133),
	('9f58fbd5-6e05-471a-bfc8-b95e9412578f','Chief Integration Administrator',1621139585465,1659632407759),
	('a03840be-6c86-48b2-8275-44b7e99db689','Dynamic Brand Planner',1614342664358,1651771001629),
	('a0ba2a62-69ea-4f73-a7cc-f07ae30ab5b3','Corporate Branding Coordinator',1633698339395,1671909797089),
	('a214c44e-22a6-490d-9ec5-6948bd2b8f54','Dynamic Infrastructure Architect',1617556712900,1659922116464),
	('a220353b-b7c5-4f48-9187-4634a4e1221b','District Accounts Engineer',1636459000920,1655793867019),
	('a2b815f3-1368-464c-9de7-5c14bc22bf5e','Chief Marketing Orchestrator',1621219453400,1653143852423),
	('a2f5b517-fc6f-4ba5-938f-04796714b58c','Human Implementation Specialist',1628340779351,1654433133666),
	('a3167247-66fd-41a5-b513-e57d04e14618','Direct Group Manager',1625118057049,1667192354319),
	('a377d020-bf7f-4ca3-84b5-148947e3df53','Dynamic Tactics Technician',1619176141755,1671286761477),
	('a3b43a09-f958-42f0-97bb-942515eca723','International Accountability Executive',1629436706949,1655262054346),
	('a3f49b18-b25a-47dd-b803-ae21e9375088','Principal Security Specialist',1620773183070,1645440850541),
	('a405c0f8-05c1-48a0-bf5c-13aecb183a06','Forward Configuration Agent',1616679088008,1663696677347),
	('a44f034c-41e2-4748-93cb-47a142ced4dd','Dynamic Factors Designer',1632272106827,1672178780628),
	('a55f500f-db56-4154-a374-bb30d99d796b','Central Optimization Architect',1637425641005,1668030196700),
	('a5b41d30-d3e5-465d-8227-fd6913c6ab86','Global Accounts Strategist',1626653310649,1648261888191),
	('a83a5ae0-a970-4a98-9c31-e313ecb0a010','Senior Group Supervisor',1616665953454,1657056018436),
	('a98cb09a-3144-4bb4-a47e-0fc503a09b36','Forward Security Assistant',1625500541521,1645982235490),
	('a9b1dbab-3c87-40a1-b230-479d7d0b3609','District Tactics Coordinator',1624069128870,1662341934469),
	('ab672308-0486-4492-9725-65197d4070bc','Regional Identity Orchestrator',1631621914918,1656846948878),
	('ac41d985-75d4-4ce5-9532-c0686aa3e4d9','Regional Paradigm Coordinator',1637975056068,1670133951347),
	('ae47c44c-cff2-47fa-94e7-5d928c918a5a','Customer Intranet Supervisor',1616882549242,1645898605092),
	('af05c718-2494-4f21-ac98-7159ed81eb63','Lead Optimization Administrator',1615347161439,1667118737925),
	('b013c0cb-00dd-4ab6-9e7b-2fc13e328ce5','Customer Accounts Specialist',1632957835494,1661267428549),
	('b01458a6-f2f9-48a3-9c87-33b191b48823','Principal Mobility Assistant',1614265413561,1661058408772),
	('b023ae54-ff26-4bb2-8c46-fd792fe1474a','Chief Response Designer',1633204943869,1674749575684),
	('b154c1f6-6951-4727-9495-0da235ff691f','Human Data Supervisor',1621824316638,1672198210141),
	('b1e55b1b-a5fa-4b68-b1c3-0387f1598df1','Customer Configuration Producer',1641111949382,1671293562977),
	('b3b3caf2-5633-43ac-8638-cb2f10052feb','Forward Interactions Architect',1629051057014,1646154722622),
	('b480c9b6-8d64-4aec-809e-3ede8c64c165','Dynamic Security Associate',1636465981743,1652675286981),
	('b5153c5c-7103-42ee-8f10-9bc0b4664c8f','Central Metrics Administrator',1638761055340,1655624361147),
	('b58a70c2-8339-4762-90ea-4a112bbf704f','Forward Mobility Designer',1634635049398,1668054828111),
	('b5ea3995-f30b-4f1c-ba5b-4c537e267a9b','Chief Markets Administrator',1641662907445,1659940683537),
	('b686d15a-1f63-40bc-a884-463256c70b44','National Applications Manager',1613827427787,1665344972562),
	('b700323c-4130-4747-8111-09fe13a2e405','Principal Applications Consultant',1618548335623,1658376369395),
	('b73c5c17-12d6-4c45-84b2-b060e6614b9a','Customer Data Orchestrator',1636130416785,1661719072013),
	('b76b58ab-142e-4796-8d78-84fa83f4dce3','Future Web Liaison',1614301003845,1666959481378),
	('b7a59d53-7e60-48ef-a678-041ed6a7d7f2','Lead Division Coordinator',1636357778705,1653292658066),
	('b8e28301-acdb-49c2-a831-4b0b9c5ffa4d','Investor Directives Coordinator',1629617996867,1650400200422),
	('ba88ed67-a0b5-453e-927e-ae13a7f42705','International Metrics Coordinator',1641123057668,1648739054148),
	('bb9a6cea-f11d-4bcf-b11d-79fa58b9d995','Product Security Agent',1614390776288,1661726525360),
	('bc8a4cf9-3d78-4434-a61c-2f9211801279','Regional Mobility Supervisor',1640582231488,1666150840269),
	('bcfcdcc5-197e-46c3-9318-b46278ad0000','Regional Group Producer',1620858832375,1669032116546),
	('bd89893c-52e9-4179-b87a-c62d0e4e8643','Dynamic Factors Assistant',1616057394812,1674652270322),
	('bea4aed8-2b5f-4a4d-8c84-125fcf357252','Human Accountability Designer',1618125343212,1666509418616),
	('bea77a0a-3395-4e2b-8ac9-dede077a4236','Forward Creative Supervisor',1618428225318,1644962409657),
	('bfc4349a-6522-46eb-9215-4aef38e6dea5','Corporate Implementation Developer',1637344783820,1651904707693),
	('bfc67114-c6ff-4f97-a510-1c1b44abddcb','Senior Functionality Associate',1624806671499,1665130832797),
	('bfca6e53-a6f1-4c77-8924-b17e0d6bf916','Direct Assurance Assistant',1635950935266,1660690708288),
	('c030a22e-a551-47b6-b432-b4621b532d53','International Identity Producer',1617702588858,1658264178725),
	('c15c2394-6281-4d6d-bf98-3f8032f72c14','Legacy Web Analyst',1612477170766,1671827892457),
	('c2930570-6b86-4985-ab96-3545787b6c63','Principal Configuration Coordinator',1633261801296,1669826529613),
	('c2a7ce9b-ccb0-4c8c-8f4b-e2c6d1624a3e','Future Intranet Executive',1634475174317,1645806509031),
	('c2f86d07-140e-47a3-8912-27f59d5d238c','Principal Research Technician',1629993102234,1662130126753),
	('c30bcf52-1f3c-423f-b825-e5828c887306','Global Operations Facilitator',1619968146888,1647478312494),
	('c3936db3-64c7-4820-a5e7-ab3094d0e6f9','Senior Integration Executive',1624906754670,1646100825231),
	('c3f374f9-5000-4ec6-8a82-2ec244066467','Dynamic Marketing Associate',1631056881939,1649827147810),
	('c3f5b596-eb23-4749-98f1-d4989e21b865','National Factors Developer',1637317091729,1670083357865),
	('c4d1a413-a077-4ff3-9a1a-9468fd9aa181','Internal Operations Associate',1616427105492,1672310779244),
	('c54859d8-bff9-41de-bcca-a29f263d0c71','Central Usability Analyst',1629933466240,1663580205993),
	('c55af14b-ea17-414e-b28f-a2117c187298','Direct Tactics Producer',1637037973056,1653163210662),
	('c6903be8-9b11-417a-8a99-9a5c4bd56c76','Future Configuration Supervisor',1622522111615,1674918454010),
	('c6a0bed3-a081-4f8d-8853-7f6382f78934','Customer Configuration Supervisor',1613567758453,1647213805298),
	('c6a79a99-d1d9-4cd6-9785-5a5ac66b5c01','Corporate Communications Assistant',1640794141024,1645212233121),
	('c7685653-4bc5-4646-83b3-b50bf5f4e191','Chief Integration Officer',1620598569921,1646533451671),
	('c8616a33-4a6b-46e6-ae78-3d7cf741c6df','Legacy Accounts Planner',1614124017529,1673199238503),
	('c88966cb-58b6-4071-9568-dee32a04a3fd','Dynamic Group Officer',1615825789362,1653563790826),
	('c8e106c0-c8e5-4060-b084-0173ed9928f8','Chief Brand Executive',1623764722826,1646184922936),
	('c9b102b5-aaef-4e0b-9fdd-5f53ff215ffb','Lead Response Officer',1640203812628,1664341427502),
	('cae97194-fbc6-464d-87d0-87eb042081a7','International Metrics Designer',1632812729585,1658001572653),
	('cb54ac91-fc77-4520-bc5e-19c832f9c132','Global Markets Agent',1636564171286,1666564457453),
	('cb899063-d321-4691-aa7e-f24fa840dfd5','Direct Security Facilitator',1617245383857,1665891339568),
	('cbba7628-1eb0-4933-943a-ec0229b51649','International Markets Orchestrator',1637285600553,1646379744316),
	('cc250bce-b8d7-404f-91b8-d264a4b39509','Senior Research Supervisor',1633332104156,1647452870054),
	('cce3de08-3838-4228-84f7-e1e3d19eb347','Corporate Accounts Coordinator',1614117793879,1669282491837),
	('cd15845e-bfa1-4d47-9d6a-75acd9c88bf3','National Factors Orchestrator',1638191795946,1653715783758),
	('ce3a433e-2369-4a54-b085-408de39e4d93','Central Intranet Engineer',1626861402827,1661198833687),
	('cf8a2cb0-7100-48dc-82b5-415237876933','Corporate Paradigm Designer',1636841703271,1646255957446),
	('d0071b7d-ce34-44c5-8594-83f0f88640a6','Corporate Implementation Coordinator',1628819563125,1646332905854),
	('d0140358-a6dd-4380-a4bd-197df765b695','Legacy Branding Facilitator',1625974496755,1645823427106),
	('d1480b1a-fecd-420b-ac7e-6bc894400483','Legacy Applications Consultant',1634066425238,1669585037821),
	('d1bb1cca-01c8-44e1-9240-d248258b35db','Global Applications Associate',1635239723276,1657305013810),
	('d2461de0-3f31-4884-a37c-b64eb8ffc3a9','Customer Implementation Associate',1620093859643,1657185618027),
	('d367de8f-835a-4a3d-9355-bfe9dfd82964','Chief Identity Agent',1623244652920,1670102129696),
	('d429072f-61b8-4a45-9a00-569ed73d009d','Legacy Paradigm Liaison',1628721246018,1653232730900),
	('d46e7698-d106-46ca-afe0-3e69830766b6','Senior Group Orchestrator',1621753450766,1671488418955),
	('d5d40d93-65df-406d-82cc-9b94b8cc5836','Forward Security Assistant',1622518197534,1671936388160),
	('d656cb00-1836-47cc-ab4f-73be9bb3837c','Future Usability Coordinator',1616902268727,1644211135331),
	('d75dbcd1-1aa5-4a79-a0f1-97a36dd5ec6f','Human Usability Supervisor',1630172806349,1660508692076),
	('d777e21a-b260-48d8-af76-0abcf487f81d','Dynamic Solutions Liaison',1620909101805,1657554538942),
	('d79a8b06-0a9b-4441-b272-a0e9f25d8cb3','Dynamic Infrastructure Strategist',1640788537518,1650097775246),
	('d84c5740-ab3c-446e-a968-d374411f2de5','Product Marketing Specialist',1616245474023,1651575993778),
	('d87bf842-deaa-4a85-822a-e0c52e076c76','Direct Program Liaison',1641393509437,1647910942290),
	('d8c7792e-20e8-4b9d-9995-0067d2403ecd','Internal Assurance Analyst',1620353859690,1650982824463),
	('d90a1e19-5ea8-4cff-843b-78d2a8d2946e','Lead Security Facilitator',1639500663147,1665970751346),
	('d9a1f3b4-7da8-484c-b83a-cb955be79121','Dynamic Branding Manager',1641984119544,1659506574080),
	('da5c30bc-c77c-4cb1-b5ac-1774a8700c0f','Direct Communications Officer',1638177435903,1657180703367),
	('da9e4a6b-bd69-49dc-8ec9-fc620c9eee8c','Dynamic Operations Specialist',1627330592609,1674865779272),
	('dac8a6b3-1a9d-4e39-8995-775f8f8e23ce','Direct Branding Architect',1621762028664,1672897194380),
	('db335460-b3c1-42a0-987d-464328ded723','Dynamic Functionality Officer',1639712665272,1669907756105),
	('dba7d238-85cd-41d1-b4f9-023bac3019bb','Product Paradigm Producer',1616932014682,1657543292541),
	('dd093297-36a1-4f0a-8b3f-3916382853eb','Lead Paradigm Director',1629434555521,1656619903693),
	('dde2463c-0109-471b-a793-92d4635564b7','Human Division Director',1633186249515,1667229573982),
	('de657c9c-5616-4fe4-8d73-afc5e0a7ff81','Chief Implementation Manager',1635134924216,1649796258229),
	('df33c59b-838b-4d36-9127-415fe1f88bec','Dynamic Assurance Supervisor',1627716476210,1650187933085),
	('df9b364c-e3ef-4230-8530-111c0cadee91','Human Accounts Consultant',1635713359095,1654131212120),
	('e022d422-d6a0-4074-b88a-0b592729223b','Legacy Communications Supervisor',1642875668291,1657144025696),
	('e08ef1ab-5ed0-4cbe-9381-e20475d9e6d2','Regional Applications Technician',1638774956085,1648354355507),
	('e0a6545d-8701-4ee0-8b61-17efe88f4bd0','Central Communications Producer',1635981166071,1674735702018),
	('e31f9de8-9c64-4d5d-b386-f7311ac75a34','Future Response Administrator',1636381357799,1648134253458),
	('e3896caa-83a7-4d25-97cd-e6f73ce5c6af','Human Integration Assistant',1618791357153,1656318110251),
	('e41129af-2a9e-43bd-b6b1-769642898d74','National Accountability Director',1625402776140,1666150388311),
	('e4d44974-21cd-4745-8b57-7d2744866b45','National Intranet Associate',1628839871211,1663616940403),
	('e55bf618-effa-45fd-a5e4-4894d01a4812','Product Implementation Analyst',1623187640154,1665348121802),
	('e5954c20-8ffd-4fba-a276-5e474827e17d','Forward Interactions Associate',1625348418039,1660718660172),
	('e5de936f-26bb-4bb9-a3a9-22eade579219','Senior Quality Associate',1630526227797,1662137881576),
	('e5e19ad9-80d1-4417-89d1-73a3c2e4f7d5','Regional Marketing Technician',1620621340407,1660848181929),
	('e6a739dd-e3ce-4645-8f74-21d8cc89a5eb','Direct Quality Supervisor',1621758473549,1657878168876),
	('e714f2bb-cb22-4249-a063-42a6c8ea4c8a','Corporate Division Director',1625853039430,1645749949589),
	('e783a7ea-e412-45ae-9860-aa08a0e58289','Lead Web Agent',1625555907101,1668115369254),
	('e7979bfe-184f-4217-9eef-2b25141f44fe','Investor Applications Architect',1634395057224,1670299389232),
	('e7c168e8-1c46-4b24-8516-eca6767bcfa0','Regional Web Director',1633120153265,1674832572800),
	('e8107900-980d-42ca-8cf6-59eb1276b2ad','Legacy Quality Supervisor',1626012256822,1668745291711),
	('e81c9dff-4f27-4027-bb6c-e5c7c61e2038','Dynamic Quality Designer',1623236493707,1658196018339),
	('e84756f7-16ca-48b3-9750-a804f0da11e6','National Integration Strategist',1621598773260,1670507569367),
	('e8aad296-120b-42e2-a107-9f3e3b37dce0','Chief Marketing Designer',1621288836298,1672209619395),
	('e8d2c56f-d747-429d-9fee-3d7c86188317','Dynamic Data Director',1625905712377,1657558310856),
	('e9b6b223-1dc0-4de9-a755-e9e25dd8486b','Human Data Strategist',1616593196798,1663963178366),
	('ea4ece32-5e20-4f62-8f05-8960e1dfcc6a','District Solutions Representative',1612769829533,1672306011940),
	('eb9ea0d4-df49-4226-906c-9d82b9681d7a','Human Security Designer',1626627425058,1647858589909),
	('ebc70e93-d492-4b6a-9b64-16fa4c08f08f','Principal Integration Analyst',1621204349413,1645162466901),
	('ebf76d7c-0a9f-4331-84dd-d81f1a639a6b','Dynamic Paradigm Engineer',1620135097773,1669611971414),
	('ebf8f881-7a12-4f61-bda5-a071e26a9971','District Factors Specialist',1624120629895,1659904129646),
	('ed54d151-3a69-41a9-be13-0feecd677d3a','Global Group Analyst',1636415725946,1656741541916),
	('edc7c8b4-3ae5-45b6-a093-9335a5cc1580','Dynamic Group Manager',1615288816359,1669078512910),
	('ef0ec9e8-d47b-4d02-9bbb-2064135f1bdf','Central Tactics Coordinator',1626394665483,1661647256342),
	('f018329b-903b-49dc-a4b0-8e74fcc913b0','National Accountability Producer',1642461571739,1662081700185),
	('f04d5f57-316d-4443-a0cc-2adf980f2653','Senior Security Engineer',1630455569527,1657184064664),
	('f0e5a7e1-7cfe-46eb-9394-bb95fe6afe18','Human Solutions Executive',1635990224322,1652890152359),
	('f2ce8030-8bdc-4f79-9b50-f09bcf5ad86b','Dynamic Metrics Engineer',1630481164202,1647326157448),
	('f2deee30-ceee-4a44-a5f6-c1b47fbbaa43','Future Factors Engineer',1621655969681,1654694810274),
	('f3e6f32e-06e8-48c3-895a-38d8d6f59e49','National Paradigm Coordinator',1643482733008,1658391558345),
	('f4d6f8c8-ee5f-4549-a454-8d2818419679','Senior Interactions Director',1623693952952,1655744504318),
	('f4dbe8b9-1888-472a-8550-0a60a1b20128','Forward Metrics Coordinator',1635271370920,1644846874974),
	('f4de2c48-6c89-453c-ac7a-0deec609ff38','Internal Accountability Director',1637924397088,1656876980654),
	('f5fe2e2b-b789-48be-b4e3-bb3f5ac353e1','Central Response Officer',1637511002182,1662126439641),
	('f6137f9d-20d6-4f20-9a1c-9b88318ec255','District Applications Orchestrator',1629775888945,1665840615808),
	('f72602f7-05b2-4773-9f9e-dae6cecb7aeb','Customer Group Assistant',1621886677352,1651465975580),
	('f7e59707-835b-45c0-93d5-c728cc6ef2b4','Dynamic Implementation Coordinator',1631388951397,1660455746500),
	('f85270d8-7643-4d47-9ad2-81cb7ee50e7a','Dynamic Integration Developer',1641546825988,1660144152417),
	('f8cc3b49-4f32-4040-ad83-518fcf7b4d2d','Principal Research Coordinator',1618873913883,1648008008422),
	('f9793662-2c9c-46d9-95a9-b1a44021958f','Product Research Assistant',1615395481338,1655810576879),
	('f99d51a9-800d-437e-a7e7-570beb97e8f8','Internal Quality Representative',1637230411666,1649666563441),
	('f9bfcedc-66a8-4c9b-8c30-92b77d152b7c','Product Communications Analyst',1625379087762,1651483202568),
	('fa0615f7-36bc-4296-937b-cf0084410357','Dynamic Integration Strategist',1637135055959,1667477482580),
	('fa315e89-c1e3-47a7-874c-0bcc40ff0fb8','Global Branding Architect',1629650947681,1673365835709),
	('fb388ee5-5ba1-4306-920c-f1c743e71192','Senior Usability Officer',1628589946963,1669180249683),
	('fbbffa14-5479-4192-a6c4-1147f1f0f12d','Principal Communications Specialist',1617511169533,1664911507950),
	('fbd87184-767e-41cd-bbe7-989616212ccf','Forward Markets Technician',1629885170054,1645494406591),
	('fbedb1ca-0cc9-4c5c-b7f6-96d11d5ecd4b','Legacy Branding Engineer',1614975261176,1653244641293),
	('fbf963e0-5e79-46c4-be1a-b9f62cd6a35f','Principal Web Facilitator',1635849556193,1650799871465),
	('fd8c4110-81ac-48ce-9550-48e4a347e36e','Customer Functionality Manager',1636894230364,1661345223070),
	('ff319ba7-e13e-4fe1-b385-1794f501f1bb','Principal Functionality Consultant',1632156594610,1646026753506),
	('ffb63f0d-c23d-4be7-a481-bf5a13afbcad','Internal Accountability Strategist',1629161458437,1655925565022),
	('ffbdb48d-ab6d-4031-bd28-c1a0dbd1a9fc','Dynamic Communications Engineer',1620970648458,1652174721627),
	('ffdd1b6d-d465-49bd-9d94-ab6eed4e0f29','District Implementation Specialist',1613956748796,1667035320953);

/*!40000 ALTER TABLE `titles` ENABLE KEYS */;
UNLOCK TABLES;



/*!40111 SET SQL_NOTES=@OLD_SQL_NOTES */;
/*!40101 SET SQL_MODE=@OLD_SQL_MODE */;
/*!40014 SET FOREIGN_KEY_CHECKS=@OLD_FOREIGN_KEY_CHECKS */;
/*!40101 SET CHARACTER_SET_CLIENT=@OLD_CHARACTER_SET_CLIENT */;
/*!40101 SET CHARACTER_SET_RESULTS=@OLD_CHARACTER_SET_RESULTS */;
/*!40101 SET COLLATION_CONNECTION=@OLD_COLLATION_CONNECTION */;
